{
    "now": "2025-04-05T11:41:56.744Z",
    "perfNow": 1462653.600000009,
    "diagnosticCorrelation": "8ac7f678-9da0-41c9-b13c-47aac9cbd0f0",
    "source": "DownloadSupportFiles",
    "environment": {
        "productName": "adf",
        "buildVersion": "1.0.040125.0",
        "environmentType": 3,
        "resourceName": "bizdatafactory",
        "resourceRegion": "southeastasia",
        "resourceGroup": "BizRG",
        "subscriptionId": "f939db4f-5842-4c48-945a-0b3358614845",
        "sessionId": "Bi7xNlrx0ar0TP5VydM+Se",
        "operationId": "",
        "gitType": "live",
        "loggingKey": "af6d5cdf-55c4-4db0-b2d8-4f818c49eed1"
    },
    "additionalInfo": {
        "selectedResource": "VehicleRawCSV",
        "selectedResourceType": "dataset"
    }
}