{
    "now": "2025-04-05T11:42:50.006Z",
    "perfNow": 1515914.600000009,
    "diagnosticCorrelation": "3bf69446-c8a3-41df-8533-b868cbf5660d",
    "source": "DownloadSupportFiles",
    "environment": {
        "productName": "adf",
        "buildVersion": "1.0.040125.0",
        "environmentType": 3,
        "resourceName": "bizdatafactory",
        "resourceRegion": "southeastasia",
        "resourceGroup": "BizRG",
        "subscriptionId": "f939db4f-5842-4c48-945a-0b3358614845",
        "sessionId": "Bi7xNlrx0ar0TP5VydM+Se",
        "operationId": "",
        "gitType": "live",
        "loggingKey": "af6d5cdf-55c4-4db0-b2d8-4f818c49eed1"
    },
    "additionalInfo": {
        "selectedResource": "Silver_Cleaning_Tranformation",
        "selectedResourceType": "dataflow"
    }
}