{
    "name": "DriverRawCSV",
    "properties": {
        "linkedServiceName": {
            "referenceName": "BizBlobStoreConnection",
            "type": "LinkedServiceReference"
        },
        "annotations": [],
        "type": "DelimitedText",
        "typeProperties": {
            "location": {
                "type": "AzureBlobStorageLocation",
                "fileName": "driver_data.csv",
                "container": "raw"
            },
            "columnDelimiter": ",",
            "escapeChar": "\\",
            "firstRowAsHeader": true,
            "quoteChar": "\""
        },
        "schema": [
            {
                "name": "driver_id",
                "type": "String"
            },
            {
                "name": "driver_name",
                "type": "String"
            },
            {
                "name": "experience_years",
                "type": "String"
            },
            {
                "name": "rating",
                "type": "String"
            }
        ]
    },
    "type": "Microsoft.DataFactory/factories/datasets"
}