delivery_id,vehicle_id,route_id,driver_id,delivery_date,delivery_time,distance_covered,delivery_status
1,204,64,32,23-01-2025,,,Completed
2,288,1197,108,06-08-2024,12,,Failed
3,335,161,158,03-09-2024,12,500,
4,463,1248,231,17-05-2024,,142.52,Completed
5,383,900,200,10-01-2025,12,84.86,Failed
6,313,330,188,13-04-2024,12,500,Completed
7,485,1733,85,24-12-2024,12,,Failed
8,243,1456,252,30-07-2024,12,97.66,
9,391,1998,239,15-08-2024,12,131.97,Completed
10,248,1503,73,08-11-2024,1.39,500,Failed
11,217,831,243,24-04-2024,2.59,,
12,491,588,162,03-11-2024,3.37,,
13,195,1760,192,09-01-2025,12,,Failed
14,438,1884,253,18-05-2024,,124.15,
15,187,498,110,02-10-2024,12,161.51,Completed
16,34,410,87,03-10-2024,2.3,146.57,Completed
17,166,375,44,14-03-2025,3.81,,Failed
18,219,1324,285,,,500,Failed
19,242,,231,22-06-2024,1.8,500,
20,35,811,290,30-08-2024,12,500,Failed
21,202,209,93,10-06-2024,,100.68,
22,48,1501,177,30-03-2024,2.95,,Completed
23,70,765,31,07-09-2024,5.72,500,Failed
24,372,1216,42,,5.9,,Failed
25,252,1193,,09-03-2025,,500,Failed
26,223,1114,30,19-03-2025,1.18,500,Completed
27,422,583,210,27-09-2024,3,191.7,
28,253,412,84,16-09-2024,,123.57,
29,333,1915,,20-02-2025,,500,Completed
30,187,1243,109,,,500,Completed
31,,520,238,19-05-2024,4.81,500,
32,64,732,192,16-02-2025,,160.38,Completed
33,2,153,234,05-01-2025,,91,
34,251,1783,6,10-04-2024,12,500,Completed
35,11,379,192,28-06-2024,,133.78,Completed
36,188,248,216,09-10-2024,5.02,,Completed
37,410,1634,16,13-03-2025,,,Completed
38,428,,,20-05-2024,,500,Completed
39,38,1637,245,25-07-2024,4.17,80.22,Completed
40,471,1693,81,,12,161.76,Completed
41,29,321,165,12-08-2024,5.63,500,Failed
42,358,,276,10-04-2024,2.33,500,Failed
43,33,1287,295,25-01-2025,12,97.75,Completed
44,60,386,163,24-04-2024,,500,Completed
45,193,1834,300,14-12-2024,2.67,141.67,
46,282,1669,4,01-08-2024,4.63,196.06,
47,228,522,,20-12-2024,12,,Failed
48,202,343,190,03-05-2024,12,,
49,399,958,,23-04-2024,2.39,500,Completed
50,111,250,197,03-09-2024,,,Completed
51,,1030,,21-02-2025,12,500,Failed
52,405,151,181,03-10-2024,4.72,500,Completed
53,57,722,15,12-08-2024,12,,Failed
54,354,904,104,22-04-2024,,500,
55,463,213,183,29-08-2024,2.78,,
56,472,1777,266,16-06-2024,,156.72,Failed
57,140,1683,297,17-01-2025,,137.75,
58,343,548,284,20-03-2025,4.16,,Completed
59,,1002,17,29-04-2024,5.31,,Completed
60,214,508,15,12-01-2025,12,60.21,Failed
61,313,1811,67,10-12-2024,3.9,,
62,227,1017,,19-12-2024,,179.68,Completed
63,292,1693,274,14-03-2025,12,177.95,Completed
64,195,1067,170,05-02-2025,12,500,
65,256,1397,224,08-01-2025,5.84,,Completed
66,445,299,263,08-08-2024,12,,Failed
67,483,1840,76,18-04-2024,12,58.41,
68,61,72,,06-01-2025,,500,
69,366,716,71,21-12-2024,,500,Completed
70,230,441,21,07-06-2024,12,,Completed
71,221,696,130,06-05-2024,,88.71,Completed
72,419,678,292,07-05-2024,2.4,,Failed
73,198,471,8,,1.62,500,
74,86,1334,259,16-01-2025,12,,
75,383,375,94,10-04-2024,12,,Failed
76,485,10,190,04-05-2024,12,,Failed
77,18,309,273,24-03-2025,2.54,125.88,Failed
78,360,1297,43,14-10-2024,2.59,187.71,Completed
79,435,624,278,26-11-2024,,,
80,301,237,45,15-09-2024,12,500,
81,311,226,249,06-07-2024,,500,
82,271,1273,256,09-12-2024,12,500,
83,482,224,92,02-08-2024,12,,Failed
84,192,960,173,21-02-2025,12,107.4,Failed
85,,292,298,18-09-2024,,500,Completed
86,436,621,179,10-06-2024,,,Failed
87,329,1761,70,20-03-2025,,,Failed
88,207,,278,11-08-2024,12,83.4,Completed
89,81,452,121,06-07-2024,12,500,
90,211,707,171,14-09-2024,4.54,,
91,,1912,94,31-01-2025,12,500,
92,465,1572,256,14-10-2024,12,,Completed
93,311,1578,193,12-11-2024,12,500,Failed
94,268,1720,219,29-10-2024,,129.71,
95,406,,107,02-01-2025,12,,Failed
96,38,1676,132,06-04-2024,12,500,
97,240,197,168,21-06-2024,1.38,500,
98,32,1192,164,08-11-2024,12,500,
99,153,1886,97,09-03-2025,,,Completed
100,159,156,148,28-05-2024,12,147.18,
101,390,1811,159,25-07-2024,12,,Failed
102,447,364,33,02-08-2024,,500,
103,112,787,277,13-06-2024,12,500,
104,,125,136,17-02-2025,1.52,157.08,Failed
105,67,1542,242,18-07-2024,12,,
106,220,639,107,21-08-2024,,114.79,Failed
107,435,127,216,27-03-2024,5.01,500,Failed
108,7,1374,285,02-01-2025,,500,
109,405,544,255,20-07-2024,1.23,500,Failed
110,103,849,78,21-12-2024,,107.98,Completed
111,277,1770,299,20-12-2024,,,Completed
112,142,1356,77,08-07-2024,3.63,,Failed
113,463,464,194,,12,,Failed
114,305,1938,6,10-08-2024,5.76,,
115,337,1595,,07-11-2024,3.43,158.39,Failed
116,367,65,225,15-07-2024,1.89,,
117,415,1920,243,25-03-2025,,,Completed
118,358,684,23,25-02-2025,,180.86,Failed
119,16,849,28,12-12-2024,12,,
120,479,576,91,19-12-2024,12,,Failed
121,104,,196,24-05-2024,12,,
122,5,506,75,20-12-2024,,,Completed
123,218,818,254,01-08-2024,12,500,Completed
124,188,449,86,04-04-2024,12,,Failed
125,46,1436,289,06-08-2024,,,Failed
126,30,1237,298,05-10-2024,12,77.09,Failed
127,375,95,263,27-01-2025,,,Completed
128,,437,109,06-09-2024,,112.6,Completed
129,299,1228,128,22-12-2024,12,176.65,
130,100,757,225,02-03-2025,12,500,Failed
131,51,933,270,10-04-2024,4.23,500,
132,372,1500,213,03-08-2024,,,Failed
133,436,,176,14-06-2024,12,,
134,211,,68,14-11-2024,,500,Completed
135,104,1883,43,30-08-2024,,,Failed
136,,,166,16-12-2024,5.98,500,Failed
137,453,1445,117,16-09-2024,,,Failed
138,315,469,106,26-11-2024,,500,Completed
139,94,15,84,03-09-2024,,134.24,Completed
140,79,1289,37,20-07-2024,2.15,,Failed
141,199,825,217,,12,,Failed
142,211,1227,205,20-12-2024,12,,Completed
143,242,,222,20-06-2024,,,Completed
144,313,1903,286,02-01-2025,,,Failed
145,256,442,139,27-10-2024,5.84,141.12,Failed
146,339,372,251,04-09-2024,,500,
147,237,592,,04-06-2024,12,500,Failed
148,326,1543,270,27-06-2024,12,,Failed
149,364,421,,16-02-2025,12,120.68,Completed
150,113,1035,,31-07-2024,5.58,,
151,202,,199,29-09-2024,4.2,,Completed
152,302,1083,105,28-03-2024,3.38,147.51,Completed
153,41,771,54,11-02-2025,12,,
154,93,498,36,07-03-2025,,,
155,388,1831,7,08-08-2024,5.27,500,Failed
156,371,69,41,14-05-2024,12,500,Failed
157,129,1909,153,21-04-2024,,68.66,Failed
158,145,1308,17,14-12-2024,12,500,Completed
159,172,,47,09-12-2024,3.83,,Completed
160,483,1683,185,02-01-2025,,83.84,Failed
161,410,1879,166,03-09-2024,12,194.28,Failed
162,319,1760,,12-09-2024,12,,Failed
163,24,1038,276,20-11-2024,,,Completed
164,317,666,140,12-10-2024,12,,Completed
165,387,959,214,03-01-2025,12,,
166,8,1050,171,23-09-2024,1.48,84.71,Failed
167,21,,56,,1.72,,
168,355,1854,92,17-07-2024,12,,Completed
169,413,1515,220,06-07-2024,,,
170,491,1934,133,12-08-2024,,,Failed
171,,534,289,27-03-2024,2.74,96.17,
172,398,672,209,27-12-2024,,500,
173,247,1742,30,18-03-2025,4.32,500,Completed
174,331,1741,289,06-07-2024,,92.06,Completed
175,371,441,228,13-10-2024,4.72,162.58,Failed
176,228,1809,94,07-08-2024,,192.73,Completed
177,489,321,162,07-03-2025,,,Failed
178,479,1439,25,,3.69,,Completed
179,283,713,243,05-02-2025,12,,
180,231,1739,241,13-11-2024,4.31,500,Failed
181,486,855,128,06-01-2025,12,194.46,Failed
182,259,1758,188,24-01-2025,3.85,500,
183,118,1607,114,,12,,Failed
184,,615,268,20-09-2024,,,Failed
185,439,358,88,01-10-2024,,500,Completed
186,292,1792,168,27-03-2024,,,
187,310,1868,92,01-04-2024,1.95,62.66,Completed
188,249,1408,195,13-02-2025,12,51.66,
189,329,327,29,09-11-2024,4.53,97.91,Failed
190,351,1084,63,04-06-2024,,130.03,
191,436,1279,180,27-07-2024,12,185.56,Failed
192,219,1656,209,16-08-2024,,187.4,
193,448,1737,24,29-07-2024,12,500,Failed
194,319,265,298,01-05-2024,4.93,,Completed
195,159,1242,138,07-03-2025,,166.74,Failed
196,248,125,60,11-11-2024,12,,Completed
197,104,160,247,,,500,
198,372,806,239,29-03-2024,4.09,,Failed
199,,1135,15,29-10-2024,,500,
200,39,1156,80,03-12-2024,,500,
201,441,107,23,10-01-2025,12,,Failed
202,43,1371,90,11-08-2024,5.29,,Completed
203,423,215,,30-06-2024,12,151.45,Failed
204,266,843,116,23-06-2024,12,,Completed
205,248,1186,,26-09-2024,12,118.37,Failed
206,472,760,183,10-07-2024,4.2,500,Completed
207,,304,266,12-07-2024,,,
208,496,1746,21,05-10-2024,4.48,,
209,202,,100,03-07-2024,,,
210,236,1342,140,05-06-2024,5.19,140.75,
211,32,1551,257,19-06-2024,12,500,
212,29,1930,139,19-04-2024,12,500,Completed
213,314,879,287,16-12-2024,1.38,162.84,Completed
214,298,117,282,12-01-2025,,,Failed
215,106,441,294,08-10-2024,,,
216,255,683,217,24-11-2024,12,500,
217,108,1326,255,11-11-2024,12,131.07,Completed
218,474,1949,181,04-12-2024,,177.33,Failed
219,453,1728,,21-09-2024,12,500,Failed
220,351,994,136,11-08-2024,12,,Completed
221,110,1344,193,07-08-2024,,,Completed
222,14,75,95,05-07-2024,12,500,Completed
223,120,1121,133,27-05-2024,1.42,,Failed
224,126,405,69,12-05-2024,,,
225,460,1696,300,17-10-2024,,500,
226,245,1615,14,19-09-2024,,500,Completed
227,150,1339,272,28-02-2025,3.78,149.95,Failed
228,259,1942,276,,12,500,
229,87,668,267,28-02-2025,12,112.22,
230,9,68,71,16-06-2024,3.24,131.41,Completed
231,222,722,4,,12,500,
232,139,693,125,12-11-2024,12,189.9,Completed
233,75,1115,58,21-08-2024,3.46,500,
234,325,1657,113,22-07-2024,,500,Completed
235,335,1124,169,22-08-2024,12,,
236,,719,186,17-10-2024,,500,Failed
237,98,841,270,19-07-2024,,500,
238,234,209,49,01-12-2024,,500,Completed
239,289,730,164,26-06-2024,12,500,Completed
240,187,327,185,22-07-2024,2.59,500,
241,369,347,187,01-01-2025,5.47,500,
242,,1236,246,11-03-2025,12,,Failed
243,275,253,135,14-08-2024,,500,Completed
244,83,533,64,24-07-2024,12,500,Completed
245,360,849,105,01-02-2025,3.95,500,
246,417,500,159,16-02-2025,5,162.99,
247,,398,277,09-01-2025,,500,Completed
248,107,1092,274,15-12-2024,,171.77,Failed
249,151,810,5,12-01-2025,6,154.03,
250,111,365,56,22-09-2024,,,Failed
251,274,228,36,28-01-2025,12,,Failed
252,315,668,196,15-02-2025,12,197.14,Completed
253,71,1930,208,,3.01,155.66,Completed
254,463,809,20,04-10-2024,,151.38,
255,294,663,119,,2.86,500,Failed
256,85,1657,237,19-05-2024,3.86,,
257,272,675,43,26-01-2025,12,95.66,Failed
258,73,84,197,29-01-2025,,,Completed
259,,254,24,27-07-2024,,167.44,
260,499,1985,60,15-03-2025,12,,Failed
261,253,724,215,25-02-2025,12,500,Failed
262,260,618,74,08-04-2024,12,500,Completed
263,124,1840,20,08-04-2024,,184.57,Completed
264,89,900,88,29-03-2024,4.96,183.09,Completed
265,9,1053,15,03-11-2024,,500,Failed
266,59,1348,10,04-11-2024,,500,
267,,9,48,,,,Failed
268,462,684,145,24-06-2024,12,74.82,Completed
269,39,883,53,20-11-2024,,,
270,127,711,265,16-04-2024,12,,Completed
271,,890,,,12,500,Completed
272,313,665,128,18-12-2024,,500,Completed
273,22,896,39,21-12-2024,12,142.99,Failed
274,290,1705,234,02-09-2024,4.61,500,Failed
275,355,678,108,13-01-2025,12,,Failed
276,370,849,262,19-06-2024,12,500,Failed
277,336,1070,154,09-07-2024,,,Failed
278,39,1191,241,18-03-2025,12,500,Failed
279,39,,170,12-07-2024,4.45,175.05,Completed
280,328,1173,,07-11-2024,,,
281,1,1273,152,10-11-2024,3.89,500,Completed
282,173,1115,273,16-10-2024,12,93.89,Completed
283,22,435,160,11-08-2024,2.08,500,Completed
284,23,1173,57,18-05-2024,5.45,160.33,
285,379,462,228,,2.36,169.23,Failed
286,154,466,71,05-02-2025,,,
287,253,1202,26,26-03-2024,,,
288,495,,248,06-05-2024,,500,Failed
289,266,1837,129,22-01-2025,4.62,,Completed
290,72,1909,133,12-05-2024,12,51.12,
291,204,1150,58,16-12-2024,3.19,57.56,
292,199,1176,250,01-05-2024,,500,
293,435,641,234,01-10-2024,1.93,500,Failed
294,462,990,,12-07-2024,,500,Completed
295,99,1241,210,09-06-2024,1.65,,
296,274,994,29,07-05-2024,4.7,500,
297,44,331,112,,12,125.03,Failed
298,416,1976,130,11-10-2024,5.87,,Failed
299,313,1072,142,,12,127.46,Failed
300,304,1971,258,24-11-2024,12,99.72,Failed
301,33,,10,11-02-2025,4.06,89.52,Failed
302,147,880,200,24-01-2025,12,147.59,
303,455,1772,154,01-11-2024,12,,Failed
304,354,610,61,02-04-2024,,500,
305,40,1895,,09-01-2025,,183.35,Completed
306,137,1089,145,17-04-2024,,143.59,
307,345,,289,26-12-2024,1.34,79.82,Completed
308,280,1235,61,18-05-2024,,,Failed
309,7,402,31,15-12-2024,,500,Failed
310,30,1867,166,07-06-2024,1.16,,Failed
311,346,553,12,21-01-2025,,500,Failed
312,128,407,,01-07-2024,,,
313,39,568,77,07-04-2024,12,131.14,
314,500,1857,193,17-09-2024,12,66.23,
315,169,455,262,03-03-2025,12,77.22,Completed
316,2,1962,50,,,52.44,
317,212,,3,03-11-2024,12,500,Failed
318,130,1757,145,16-04-2024,,,
319,408,514,38,17-07-2024,,104.99,
320,437,1855,287,01-07-2024,,500,Failed
321,453,1298,222,17-12-2024,12,125.73,Completed
322,281,179,98,13-05-2024,2.63,,
323,22,922,200,11-08-2024,4.92,500,Failed
324,364,1926,,,12,500,
325,465,923,123,14-12-2024,2.77,69.95,Completed
326,357,1908,48,29-09-2024,1.43,500,Completed
327,208,695,187,22-03-2025,,,Completed
328,12,232,59,19-05-2024,2.78,,Completed
329,9,1204,264,,,154.38,Failed
330,34,14,87,21-07-2024,12,,Failed
331,111,505,89,15-11-2024,12,500,
332,13,1198,59,30-03-2024,2.62,500,Completed
333,186,663,69,20-08-2024,12,500,
334,388,1209,171,29-11-2024,12,,Completed
335,,225,255,25-11-2024,12,500,
336,362,1178,72,05-10-2024,3.1,,
337,34,1331,286,11-06-2024,,,Failed
338,385,1085,134,21-11-2024,3.98,55.58,
339,476,1905,42,12-09-2024,3.77,500,Completed
340,436,1512,125,15-12-2024,2.84,108.76,Completed
341,491,1649,175,21-11-2024,,500,
342,484,1886,,17-03-2025,12,176.75,
343,423,1615,210,23-12-2024,12,500,
344,81,232,134,24-11-2024,12,54.99,
345,120,624,,28-09-2024,,500,
346,395,514,43,29-07-2024,12,,Completed
347,428,1788,96,18-11-2024,,500,
348,39,173,264,07-02-2025,4.59,194.23,Failed
349,422,316,103,11-06-2024,12,500,Failed
350,241,1432,51,09-02-2025,5.65,500,
351,219,,152,24-11-2024,1.15,500,Failed
352,220,1282,69,02-01-2025,,,Failed
353,258,1263,122,16-06-2024,,500,Failed
354,39,1182,174,22-05-2024,12,,Failed
355,271,850,98,25-01-2025,12,500,Completed
356,92,533,218,18-04-2024,12,,Completed
357,55,359,159,22-06-2024,5.72,500,Failed
358,354,263,137,06-12-2024,12,500,Completed
359,61,594,100,12-04-2024,12,500,
360,408,1812,204,25-06-2024,12,,Completed
361,381,1819,280,19-04-2024,1.88,63.1,
362,20,617,151,21-06-2024,,,
363,422,831,117,,,87.98,
364,474,873,174,,,,
365,3,1428,94,29-04-2024,,500,Failed
366,286,1026,100,28-11-2024,,500,Failed
367,304,1362,206,11-05-2024,,500,Completed
368,252,187,16,30-03-2024,12,500,
369,380,1968,141,03-01-2025,,500,Completed
370,280,1442,186,25-03-2025,,500,
371,480,1526,102,19-11-2024,12,59.44,
372,150,1014,292,04-03-2025,,,
373,496,1022,7,27-04-2024,12,,Failed
374,410,,,08-04-2024,,500,Completed
375,286,334,149,15-11-2024,,186.51,Completed
376,434,343,242,26-09-2024,4.74,193.91,Failed
377,220,1058,63,,,500,Completed
378,275,724,,10-07-2024,,125.98,Completed
379,175,1278,107,11-07-2024,12,,Failed
380,,429,,30-12-2024,1.69,500,
381,494,1694,242,31-01-2025,,500,
382,54,1540,208,,12,500,Completed
383,217,172,283,26-06-2024,,,
384,468,1442,80,26-12-2024,,,Failed
385,,1622,291,22-01-2025,,145.23,Failed
386,144,677,300,28-06-2024,2.36,500,Completed
387,112,1914,206,23-11-2024,,500,
388,167,569,280,15-04-2024,12,500,Failed
389,295,975,144,10-04-2024,12,132.68,Completed
390,445,1916,170,01-06-2024,,,Failed
391,293,922,296,25-01-2025,12,500,Completed
392,168,918,,24-04-2024,,,Failed
393,136,145,81,02-10-2024,,71.82,
394,424,1760,219,23-03-2025,12,,Failed
395,12,452,139,02-10-2024,12,128.57,
396,,954,18,23-01-2025,3.99,78.55,Completed
397,151,1809,121,06-12-2024,3,,
398,48,817,157,20-08-2024,12,52.15,Failed
399,69,30,217,18-10-2024,5.61,137.7,Failed
400,380,672,211,25-08-2024,12,500,Failed
401,413,1710,258,25-04-2024,4.18,,Failed
402,214,1139,269,29-07-2024,,142.69,Completed
403,299,1899,145,16-02-2025,12,500,
404,358,980,56,25-12-2024,,,Completed
405,416,626,241,10-04-2024,3.5,,Failed
406,159,1065,188,09-04-2024,,,Failed
407,387,720,268,30-05-2024,,500,
408,247,472,81,,5.93,128.34,
409,,66,204,20-05-2024,12,,
410,149,380,232,01-05-2024,,199.53,Completed
411,202,1889,185,06-04-2024,5.22,,Completed
412,256,,213,24-11-2024,,162.97,
413,433,1121,28,31-10-2024,12,,
414,24,224,292,06-07-2024,12,103.57,Failed
415,39,1537,184,04-12-2024,,,Failed
416,462,1445,101,05-12-2024,5.34,,
417,433,1322,199,24-05-2024,12,500,Completed
418,347,915,203,01-01-2025,12,73.84,
419,372,435,,10-12-2024,2.36,132.64,Completed
420,356,1520,279,27-10-2024,12,,
421,,751,148,02-10-2024,,500,
422,206,144,84,18-08-2024,,,Completed
423,303,1178,170,04-07-2024,4.37,63.9,Failed
424,172,,10,21-04-2024,,138.52,
425,,,223,16-05-2024,12,,
426,493,1600,79,,12,71.71,Failed
427,143,,7,18-07-2024,1.06,,
428,103,1771,85,22-07-2024,1.31,500,Completed
429,,,100,05-10-2024,,71.94,Failed
430,287,1498,291,07-04-2024,,157.73,
431,444,869,40,26-12-2024,,,Completed
432,198,1820,45,22-11-2024,3.68,,Failed
433,261,1464,253,29-05-2024,2.34,500,Failed
434,342,921,215,11-05-2024,2.93,500,Completed
435,405,,269,22-04-2024,,500,
436,150,1291,78,04-06-2024,,65.96,Completed
437,412,845,83,10-08-2024,,500,Completed
438,446,1048,180,24-04-2024,,500,
439,39,223,168,29-07-2024,12,500,Completed
440,385,2000,164,09-04-2024,12,500,
441,25,331,158,14-02-2025,1.02,,
442,383,1013,58,15-12-2024,2.04,,
443,194,913,143,10-03-2025,,500,
444,11,169,258,06-10-2024,3.3,500,Completed
445,293,,245,13-01-2025,2.2,190.95,
446,484,707,108,13-10-2024,12,157.58,Completed
447,273,633,95,10-08-2024,,119.21,Completed
448,68,1666,274,02-03-2025,,,
449,405,364,81,24-07-2024,,500,Completed
450,313,939,204,24-02-2025,12,500,Completed
451,461,1621,83,25-06-2024,,112.88,Completed
452,350,1573,185,06-03-2025,,,
453,472,1877,71,07-08-2024,,,
454,487,757,226,05-03-2025,1.73,500,Failed
455,392,1250,290,26-12-2024,,,Failed
456,405,409,144,11-05-2024,2.03,177,Completed
457,288,1877,95,22-03-2025,12,,
458,242,1744,213,11-05-2024,12,,
459,329,486,294,17-02-2025,4.49,500,Failed
460,286,721,,,,500,Completed
461,379,192,134,05-07-2024,,500,
462,52,1611,119,06-07-2024,12,,Failed
463,426,366,42,02-07-2024,,500,Failed
464,301,489,243,28-09-2024,12,500,
465,140,1001,71,15-10-2024,1.46,,
466,87,625,300,28-04-2024,4.62,,Failed
467,20,960,143,03-05-2024,12,,Failed
468,433,1887,199,01-03-2025,,,
469,45,475,8,18-04-2024,12,,
470,225,1721,140,29-11-2024,,,Completed
471,273,35,131,18-05-2024,,500,Failed
472,340,286,112,27-02-2025,,,Completed
473,453,1491,121,24-11-2024,12,500,
474,,535,67,19-05-2024,12,500,
475,123,148,,24-07-2024,5.63,500,Failed
476,129,1409,28,21-10-2024,12,,
477,194,987,41,02-12-2024,,165.46,
478,10,1206,54,04-10-2024,1.3,,Completed
479,338,232,192,03-07-2024,12,125.69,Failed
480,367,1318,25,,12,,Failed
481,411,1596,231,30-08-2024,,107.92,Failed
482,39,282,172,11-08-2024,12,99.37,
483,443,1243,98,07-04-2024,1.42,95.44,Completed
484,171,7,230,18-09-2024,12,,Completed
485,19,1152,195,20-02-2025,,,Failed
486,8,1680,76,23-12-2024,,500,
487,58,1081,41,05-10-2024,,,Failed
488,196,1996,139,15-05-2024,2.17,197.68,Failed
489,270,833,255,25-02-2025,12,,Completed
490,255,272,158,17-12-2024,2.5,,Completed
491,450,373,174,14-06-2024,,,Failed
492,330,225,203,23-11-2024,,500,
493,36,1284,37,24-11-2024,,500,Completed
494,74,1216,169,28-04-2024,,193.68,Completed
495,104,476,93,18-10-2024,12,59.74,
496,224,524,,18-11-2024,,,
497,316,1976,,03-12-2024,,,
498,320,1973,121,16-11-2024,,147.71,Failed
499,54,533,182,17-06-2024,,,Completed
500,358,1151,165,12-04-2024,,500,Completed
501,39,1583,63,15-02-2025,,,Completed
502,,,290,24-06-2024,,,Failed
503,2,115,189,02-10-2024,12,500,Failed
504,153,874,277,30-04-2024,3.12,,Completed
505,143,371,19,24-08-2024,,500,Completed
506,326,378,184,27-04-2024,12,,Completed
507,368,1895,285,19-12-2024,,,
508,469,1417,109,07-12-2024,4.68,104.46,
509,68,667,203,20-11-2024,1.65,,Failed
510,,917,92,14-10-2024,12,,Failed
511,61,1936,207,03-08-2024,1.55,65.69,
512,183,413,168,11-07-2024,,,Failed
513,272,1793,203,11-05-2024,,84.6,Failed
514,222,930,176,21-11-2024,12,,
515,431,1036,6,20-07-2024,,109.38,Completed
516,119,1313,,05-12-2024,,500,
517,483,,293,07-08-2024,12,133.46,Completed
518,160,,124,12-09-2024,1.47,,
519,251,239,79,17-12-2024,2.52,113.97,Failed
520,227,856,219,16-12-2024,12,,
521,200,1823,19,31-10-2024,2.64,,Failed
522,443,1923,260,07-07-2024,3.3,192.98,Completed
523,417,1057,229,20-11-2024,2.83,,
524,275,,210,17-10-2024,12,,Failed
525,32,185,154,23-07-2024,12,153.35,Failed
526,366,1046,6,30-08-2024,12,,Completed
527,258,1963,186,01-11-2024,12,145.18,Failed
528,1,379,81,15-05-2024,12,500,Failed
529,366,306,190,18-08-2024,,500,Completed
530,278,1378,144,09-06-2024,5.04,,Completed
531,,451,104,08-12-2024,5.31,,Completed
532,441,,118,17-10-2024,12,500,
533,228,816,257,19-09-2024,12,,
534,257,273,70,27-10-2024,12,198.69,Completed
535,121,693,239,29-04-2024,12,500,
536,59,768,283,24-10-2024,,500,
537,81,826,,16-04-2024,12,,Completed
538,335,211,35,10-09-2024,,500,
539,268,1175,230,06-10-2024,12,,Completed
540,257,1472,,08-10-2024,12,500,Completed
541,96,1419,118,19-12-2024,12,,Completed
542,200,1702,215,14-01-2025,12,,Failed
543,201,378,229,10-07-2024,,,
544,306,326,,14-02-2025,12,,Completed
545,237,1588,162,,2.63,,Completed
546,216,1008,172,24-10-2024,12,130.79,Failed
547,463,1054,270,03-10-2024,,,Failed
548,25,659,262,14-11-2024,3.17,,
549,,242,,13-11-2024,2.77,,Completed
550,149,1597,223,06-02-2025,4.27,500,
551,,1638,218,14-03-2025,,,Failed
552,337,945,123,,12,500,Completed
553,486,1218,256,03-04-2024,4.36,157.81,
554,254,708,30,21-01-2025,,85.35,Completed
555,83,847,144,26-03-2024,12,,Failed
556,226,373,104,24-01-2025,12,,Completed
557,279,,222,,,,
558,230,229,135,20-05-2024,4.71,500,Completed
559,283,176,167,,,500,Failed
560,,683,88,31-01-2025,,,
561,348,1911,218,06-07-2024,,99.74,Completed
562,137,,226,17-03-2025,,,Failed
563,427,1954,157,19-11-2024,,,Failed
564,349,354,272,01-03-2025,2.4,67.05,Completed
565,372,654,22,15-10-2024,,141,
566,310,1899,138,18-08-2024,5.88,,Completed
567,309,288,191,18-07-2024,,,Failed
568,286,1512,250,01-10-2024,12,500,Failed
569,408,1780,,05-05-2024,1.15,500,
570,112,,192,06-04-2024,1.22,,Failed
571,290,786,211,11-04-2024,3.55,500,Failed
572,,74,,,3.71,186.65,
573,137,1058,273,18-06-2024,2.04,500,
574,4,1775,32,07-04-2024,5.59,62.14,
575,,622,31,09-10-2024,12,,Failed
576,,,278,12-06-2024,4.46,196.56,
577,201,161,1,11-07-2024,2.58,,
578,369,446,210,10-09-2024,4.79,182.51,
579,128,1407,152,07-02-2025,3.33,,Completed
580,244,1983,41,,1.35,141.71,Completed
581,270,1926,223,,12,,
582,362,1449,293,,,,
583,273,934,53,23-07-2024,,115.42,Completed
584,148,1307,192,01-12-2024,12,,Failed
585,246,386,2,09-09-2024,1.15,500,
586,310,1053,249,01-03-2025,12,,Completed
587,83,150,196,03-10-2024,12,175.98,Completed
588,25,131,36,05-09-2024,,87.91,
589,318,1013,108,14-03-2025,,,Failed
590,164,994,274,09-04-2024,12,,
591,,305,121,02-05-2024,12,,Failed
592,419,1670,282,08-01-2025,12,500,Failed
593,308,119,16,14-11-2024,12,178.27,Completed
594,191,1229,227,30-09-2024,12,500,Failed
595,35,876,18,11-09-2024,12,,Completed
596,,811,276,12-08-2024,,,Completed
597,39,1950,204,16-05-2024,1.28,59.58,Failed
598,66,646,70,04-08-2024,12,500,Completed
599,,624,287,17-11-2024,2.61,,Failed
600,39,1500,142,02-07-2024,4.07,500,Completed
601,228,,253,03-06-2024,3.22,50.64,Failed
602,35,1386,158,25-11-2024,3.04,129.4,Completed
603,3,1450,170,19-08-2024,12,114.6,
604,466,1035,72,22-10-2024,5.52,500,Completed
605,294,827,265,28-05-2024,,,Completed
606,429,1893,42,01-11-2024,2.8,,
607,71,15,265,16-04-2024,3.39,112.06,
608,260,1610,273,05-05-2024,12,500,Completed
609,274,991,260,09-12-2024,5.25,,
610,93,1539,124,03-12-2024,12,,Completed
611,36,1693,214,05-02-2025,,97.56,
612,477,1687,278,27-07-2024,2.5,500,Completed
613,222,471,220,03-02-2025,12,138.78,Failed
614,77,103,160,19-09-2024,,500,Completed
615,145,51,253,,12,500,Completed
616,282,80,183,16-11-2024,5.82,500,
617,479,,193,10-06-2024,,500,
618,79,1926,228,21-04-2024,1.51,181.69,Failed
619,252,1294,111,06-07-2024,,72.67,Completed
620,101,494,49,17-07-2024,12,167.52,
621,244,1145,78,17-05-2024,4.09,197.07,Failed
622,434,669,4,14-05-2024,,,Completed
623,432,1342,59,02-04-2024,12,142.5,
624,187,1773,114,11-12-2024,12,125.04,Completed
625,109,1795,176,10-03-2025,1.7,500,Failed
626,192,960,80,06-02-2025,12,,Completed
627,296,1476,283,18-05-2024,4.88,131.14,
628,137,1592,47,13-10-2024,12,145.38,Failed
629,354,195,15,08-03-2025,,500,
630,91,1049,144,21-05-2024,12,54.25,
631,32,1755,1,14-08-2024,12,150.13,Completed
632,318,1455,210,17-12-2024,3.46,,
633,283,286,60,28-12-2024,1.31,,
634,388,1882,187,18-09-2024,,118.76,
635,483,878,172,21-09-2024,3.63,500,Completed
636,293,43,184,09-07-2024,12,500,Completed
637,116,1589,165,28-12-2024,12,500,
638,252,786,284,12-12-2024,12,500,Failed
639,252,1368,44,22-10-2024,12,144.02,Completed
640,,,,04-06-2024,12,,Completed
641,240,1823,297,05-01-2025,12,,
642,333,1321,66,02-04-2024,,,Failed
643,460,846,274,24-01-2025,,,Completed
644,276,566,239,16-07-2024,,,Completed
645,459,1606,172,26-11-2024,,500,Failed
646,271,105,188,14-11-2024,,,Completed
647,449,445,186,04-03-2025,12,,Completed
648,311,1342,108,11-02-2025,,500,
649,418,1904,,24-02-2025,2.42,130.73,Completed
650,279,1664,296,28-02-2025,12,,Completed
651,359,1958,174,02-07-2024,12,187.75,Failed
652,,1369,252,21-04-2024,,500,Failed
653,409,1425,253,13-12-2024,12,65.16,Failed
654,52,1255,191,23-05-2024,,168.23,Completed
655,185,,242,24-06-2024,,86.44,Completed
656,240,1608,240,17-10-2024,,63.14,Completed
657,,575,77,10-04-2024,3.35,,Failed
658,,1509,45,18-10-2024,12,146.11,Failed
659,437,542,241,12-09-2024,4.97,,
660,298,1966,137,04-01-2025,12,,
661,415,715,206,22-03-2025,12,86.22,
662,186,1816,151,25-01-2025,12,,
663,366,1876,172,03-04-2024,,,Failed
664,197,506,130,20-11-2024,,132.96,
665,163,116,144,23-12-2024,,62.49,Completed
666,292,212,202,15-09-2024,2.94,500,Completed
667,343,1316,155,30-04-2024,2.43,,
668,220,998,,25-01-2025,12,157.41,Failed
669,370,488,221,11-07-2024,3.14,166.06,Failed
670,,1756,165,25-04-2024,12,83.45,Failed
671,261,1480,249,25-09-2024,1.71,500,Completed
672,427,283,219,07-01-2025,12,,Completed
673,416,519,172,31-01-2025,,,
674,210,1741,,23-03-2025,,,
675,357,836,155,,,,Failed
676,459,1518,257,09-10-2024,12,,
677,463,540,8,27-09-2024,,500,Completed
678,7,870,243,30-07-2024,12,500,
679,237,,63,01-01-2025,,70.91,
680,183,864,50,14-11-2024,2.72,111.01,Failed
681,314,121,206,11-08-2024,12,,Completed
682,91,1614,195,29-01-2025,12,,Failed
683,,1010,100,,12,500,
684,376,123,203,11-07-2024,2.25,500,
685,227,856,228,24-11-2024,,58.39,Completed
686,295,79,51,,12,51.52,Completed
687,459,127,,21-01-2025,12,500,
688,382,1359,150,25-04-2024,,,
689,160,983,254,,12,,Completed
690,155,1279,198,23-02-2025,4.4,500,
691,55,879,,05-09-2024,2.42,500,Completed
692,149,1031,69,15-10-2024,12,500,Completed
693,287,938,224,01-02-2025,,500,Completed
694,79,1495,283,19-04-2024,,500,Completed
695,88,1701,59,11-04-2024,12,188.65,Failed
696,35,1936,126,14-06-2024,12,,Completed
697,144,637,242,08-05-2024,,58.88,Failed
698,44,144,31,07-07-2024,,,
699,426,1938,61,05-08-2024,,74.36,Failed
700,250,175,248,11-01-2025,12,136.88,Completed
701,,1773,23,16-09-2024,12,500,
702,239,1795,3,,3.47,173.44,Completed
703,391,333,231,26-07-2024,,500,
704,59,1315,198,28-12-2024,1.77,500,Completed
705,33,1346,66,11-02-2025,12,,Completed
706,131,830,59,20-04-2024,2.4,500,Failed
707,479,1664,41,17-05-2024,12,,Failed
708,191,142,153,21-05-2024,1.54,500,Completed
709,355,1941,4,18-03-2025,,,Failed
710,457,2000,61,14-03-2025,12,169.43,
711,172,1143,294,11-07-2024,,135.08,
712,,667,293,27-01-2025,12,500,
713,337,483,183,05-04-2024,,181.32,
714,458,1871,266,24-05-2024,,51.18,Failed
715,480,123,216,24-09-2024,,,Failed
716,139,630,30,31-12-2024,5.27,93.32,
717,23,26,54,11-05-2024,,,Completed
718,438,1544,199,,3.98,,
719,223,247,101,29-01-2025,12,500,
720,31,1975,268,13-10-2024,1.94,,
721,37,409,139,05-12-2024,4.07,,Failed
722,255,1826,177,25-09-2024,1.19,159.58,Completed
723,203,756,84,10-08-2024,,500,Failed
724,277,245,166,17-02-2025,,105.06,Completed
725,343,1104,73,12-05-2024,,134.59,
726,89,1421,161,29-04-2024,1.16,178.28,Failed
727,,225,208,19-05-2024,12,77.11,
728,8,344,257,01-05-2024,12,123.17,
729,158,1469,282,23-06-2024,,500,Failed
730,267,1407,292,31-10-2024,3.31,150.65,
731,476,,97,29-06-2024,2.19,,Failed
732,136,1353,272,02-03-2025,12,500,
733,324,722,271,28-05-2024,12,500,
734,366,138,28,13-09-2024,12,50.08,Failed
735,436,1452,200,07-05-2024,,,Completed
736,377,1664,40,,12,120.94,Failed
737,417,1863,284,25-06-2024,4.16,500,Completed
738,294,934,213,23-11-2024,,126.5,
739,148,1936,41,22-04-2024,3.45,187.69,Failed
740,159,1371,271,05-02-2025,12,500,Completed
741,103,203,127,27-12-2024,,,
742,193,1369,161,22-12-2024,,,Failed
743,78,583,171,21-02-2025,,96.25,Failed
744,41,1793,206,13-12-2024,5.41,76.96,Failed
745,286,1326,,08-04-2024,,500,
746,239,433,36,17-01-2025,3.41,,
747,463,1866,208,01-09-2024,,,Failed
748,171,,162,06-09-2024,12,58.04,
749,242,958,10,05-08-2024,12,,
750,320,1901,256,16-02-2025,3.45,,
751,445,230,276,22-08-2024,,94.29,Failed
752,322,710,2,25-01-2025,,500,Completed
753,95,,72,05-10-2024,5.87,500,
754,346,277,45,13-07-2024,12,,Failed
755,482,1736,45,19-07-2024,5.64,129.21,Completed
756,,1794,169,10-04-2024,4.2,,Failed
757,24,1125,183,06-12-2024,4.94,,
758,429,1486,,03-05-2024,5.62,500,Completed
759,198,1019,223,02-09-2024,12,500,Failed
760,,106,,12-06-2024,12,,Completed
761,39,42,120,09-06-2024,12,,
762,92,1199,,06-03-2025,12,500,Failed
763,330,82,127,22-03-2025,2.73,,Completed
764,380,1812,25,26-10-2024,1.21,,Failed
765,44,515,239,27-10-2024,12,500,Completed
766,248,1898,120,08-06-2024,4.44,500,Failed
767,204,,289,05-04-2024,1.31,,
768,283,436,264,16-11-2024,,,Completed
769,450,1133,230,18-11-2024,12,,Failed
770,33,1035,51,19-07-2024,5.28,,Completed
771,257,1825,184,09-08-2024,12,,Completed
772,71,1648,58,01-08-2024,12,500,Failed
773,37,275,189,06-07-2024,12,500,
774,481,1239,152,17-06-2024,3.48,,Failed
775,49,483,76,16-06-2024,12,500,
776,178,1723,102,06-12-2024,,,Completed
777,200,1994,,11-06-2024,4.44,,
778,,381,13,01-05-2024,,183.19,Failed
779,479,264,22,01-04-2024,5.86,61.56,
780,412,783,,02-01-2025,,173.86,Failed
781,,900,115,25-10-2024,5.69,500,Failed
782,416,436,233,26-01-2025,12,189.72,Completed
783,339,,145,15-12-2024,,,Failed
784,205,,77,12-10-2024,12,,Failed
785,11,27,87,09-01-2025,12,188.51,Failed
786,484,321,42,20-06-2024,12,168.67,Completed
787,34,808,298,24-12-2024,12,198.67,
788,176,260,232,,5.91,500,Failed
789,29,541,149,20-12-2024,,126.68,Failed
790,19,789,22,08-05-2024,,500,Failed
791,,1775,87,19-04-2024,12,70.71,
792,69,1405,272,01-01-2025,,,
793,392,505,132,25-12-2024,5.97,500,Completed
794,390,382,131,,,,Failed
795,463,1459,208,08-08-2024,12,141.33,
796,479,1828,127,27-03-2024,3.22,,Failed
797,100,925,19,11-01-2025,12,123.9,Failed
798,485,831,161,24-03-2025,3.74,500,
799,131,1571,167,11-04-2024,12,183.72,Failed
800,302,361,207,16-10-2024,4.38,500,Failed
801,67,1862,203,19-10-2024,1.46,169.47,
802,170,37,21,16-02-2025,3.21,181.01,Completed
803,237,251,78,25-05-2024,4.57,,Failed
804,328,42,109,29-03-2024,12,,
805,,1100,116,08-01-2025,1.52,500,
806,493,84,252,03-06-2024,,,
807,141,764,230,,12,82.86,Completed
808,293,1983,118,21-06-2024,12,98.5,
809,,525,140,12-04-2024,12,500,Completed
810,458,1110,158,27-02-2025,12,500,Failed
811,103,1687,221,,,,
812,309,1532,250,19-07-2024,1.41,173.13,Failed
813,448,1,126,26-03-2024,5.63,137.01,Failed
814,137,1296,152,23-07-2024,12,,Completed
815,261,,155,04-09-2024,12,177.11,Completed
816,161,,203,10-07-2024,12,500,Completed
817,103,228,220,16-12-2024,12,,Completed
818,427,1625,104,26-01-2025,12,139.47,Failed
819,89,1271,13,09-12-2024,,500,Failed
820,65,1102,261,19-12-2024,,156.08,Completed
821,498,126,115,16-09-2024,12,,Failed
822,302,888,185,01-08-2024,12,170.46,Completed
823,135,881,261,06-09-2024,5.6,102.01,Completed
824,484,713,38,03-02-2025,,500,
825,129,367,236,14-07-2024,,,Failed
826,189,333,181,19-02-2025,,,Completed
827,32,1158,167,,,500,
828,8,1092,,04-01-2025,12,65.57,Failed
829,464,,,10-09-2024,1.07,,Completed
830,116,1763,96,29-01-2025,,95,
831,159,713,177,30-12-2024,,140.16,Completed
832,484,1714,173,24-04-2024,3.95,500,Completed
833,137,813,154,16-08-2024,2.72,138.33,
834,46,588,278,14-02-2025,,116.23,Failed
835,201,1643,204,16-07-2024,2.84,500,Completed
836,186,548,172,15-06-2024,12,,Failed
837,209,1791,239,06-02-2025,,92.25,Failed
838,,1263,202,14-10-2024,,168.71,Completed
839,437,,117,23-11-2024,,500,
840,340,1770,,17-11-2024,12,197.3,
841,175,69,67,25-07-2024,12,178.06,Completed
842,66,477,213,18-10-2024,,153.66,
843,76,1337,260,19-09-2024,12,500,
844,382,91,146,15-09-2024,,180.37,Completed
845,34,,219,28-04-2024,,68.04,
846,22,1092,,20-04-2024,,180.66,
847,60,734,79,10-05-2024,,500,Completed
848,193,1310,75,,,,Completed
849,57,200,47,07-03-2025,,500,Completed
850,,650,235,06-02-2025,2.32,500,Completed
851,93,1308,12,21-01-2025,5.55,134.86,Completed
852,346,545,295,11-07-2024,12,500,
853,62,367,93,06-04-2024,12,79.87,Completed
854,196,1998,93,,,,
855,190,421,181,19-01-2025,2.12,500,
856,426,1731,196,18-02-2025,,500,Failed
857,116,1394,268,02-04-2024,,,Completed
858,72,,145,19-05-2024,12,72.02,Failed
859,253,153,250,19-07-2024,1.48,137.51,Completed
860,379,1419,143,07-06-2024,3.58,,Completed
861,,1167,23,16-12-2024,4.33,500,Completed
862,498,716,2,29-12-2024,2.05,171.89,
863,205,467,211,13-10-2024,,131.95,
864,402,209,123,30-07-2024,5.32,112.51,Failed
865,441,1690,,12-11-2024,12,,
866,222,1885,239,19-08-2024,12,,
867,377,1728,125,08-10-2024,12,,Failed
868,442,29,256,16-11-2024,,500,Failed
869,470,1278,98,28-08-2024,5.43,,Failed
870,,1987,183,,12,,Completed
871,183,244,12,20-01-2025,12,,Failed
872,373,516,144,12-11-2024,,,Failed
873,217,632,189,25-01-2025,12,500,
874,214,454,73,25-08-2024,5.31,,
875,156,723,,15-11-2024,,,
876,450,1022,64,28-09-2024,12,500,Completed
877,,985,11,14-04-2024,12,500,
878,146,1650,171,,1.89,500,Completed
879,,1639,254,12-04-2024,3.31,,Failed
880,109,1555,207,23-06-2024,1.96,72.94,
881,107,419,38,10-12-2024,12,,
882,150,,260,28-11-2024,3.94,80.78,Failed
883,479,568,138,,,,Failed
884,76,857,116,17-08-2024,12,500,Completed
885,409,807,214,31-03-2024,,78.48,
886,412,904,54,07-04-2024,12,,
887,418,1577,143,16-07-2024,12,,
888,347,1204,56,28-09-2024,12,102.6,Completed
889,166,1862,203,05-04-2024,2.04,,Failed
890,,478,290,,,,Completed
891,173,680,75,24-07-2024,4.61,115.86,Failed
892,241,1722,177,,,500,Failed
893,321,,76,01-05-2024,2.84,185.57,
894,,1762,59,23-11-2024,5.12,141.9,Failed
895,109,,68,02-07-2024,2.44,,Failed
896,42,374,38,,3.84,500,Failed
897,33,1017,104,11-05-2024,3.17,53.65,Completed
898,433,1453,192,12-08-2024,5.43,,Failed
899,284,875,133,27-01-2025,,66.97,Failed
900,152,1563,292,10-11-2024,12,,
901,89,1433,156,24-05-2024,1.26,,Completed
902,390,1144,177,02-07-2024,12,500,Failed
903,339,1505,162,05-12-2024,2.9,500,
904,,1151,8,17-06-2024,3.75,,Completed
905,484,515,70,09-08-2024,2.72,,Completed
906,382,662,248,07-12-2024,,500,Completed
907,256,1233,170,30-04-2024,,106.42,Completed
908,9,1705,281,31-03-2024,3.48,,Completed
909,259,1694,132,,,,Completed
910,99,1109,20,09-09-2024,4.44,,
911,465,1283,182,11-07-2024,4.27,129.11,Failed
912,114,951,135,13-06-2024,12,500,Completed
913,358,679,203,20-01-2025,4.24,157.23,Failed
914,341,913,18,16-07-2024,12,,Completed
915,151,1894,287,11-08-2024,12,,
916,108,571,121,03-07-2024,12,500,
917,100,1234,134,18-10-2024,,93.13,
918,267,1441,75,29-05-2024,,500,
919,91,1119,6,25-12-2024,,68.84,Completed
920,342,1395,150,04-05-2024,4.97,,
921,485,474,281,27-05-2024,4.66,500,Failed
922,452,1470,19,30-12-2024,12,500,
923,218,1138,248,08-10-2024,,,Completed
924,218,1105,229,13-12-2024,1.94,,
925,81,1243,265,11-10-2024,,,Failed
926,,927,160,25-10-2024,3.48,112.28,Completed
927,70,1532,81,30-11-2024,,,
928,295,965,210,07-06-2024,,82.46,
929,131,1295,103,01-03-2025,,,
930,264,227,186,15-04-2024,,500,Completed
931,221,1796,257,,12,74.86,Completed
932,263,1366,114,13-05-2024,12,500,
933,334,1454,265,23-05-2024,,150.62,
934,61,1764,174,12-12-2024,2.66,500,Failed
935,159,539,51,25-10-2024,12,500,Completed
936,,457,221,13-02-2025,12,,Failed
937,246,974,71,04-06-2024,,500,
938,205,1394,252,02-08-2024,12,139.26,Completed
939,57,950,218,07-04-2024,,193.71,Completed
940,75,328,227,,1.43,,Completed
941,,724,299,25-12-2024,12,,
942,379,765,132,16-05-2024,12,162.52,Completed
943,198,1943,25,,,500,Completed
944,431,1818,170,28-10-2024,12,500,
945,412,1051,251,14-08-2024,12,500,
946,251,1546,150,06-07-2024,12,118.38,Failed
947,297,1718,275,,,,Completed
948,484,1020,95,11-05-2024,2.09,185.17,Failed
949,,604,274,16-12-2024,4.3,57.08,Completed
950,412,1293,250,12-08-2024,4.95,,Failed
951,471,1103,178,18-02-2025,,,Failed
952,233,491,247,25-11-2024,12,500,Completed
953,340,1899,43,19-06-2024,,,
954,392,,37,13-03-2025,,,
955,299,36,92,30-01-2025,,155.25,
956,220,912,39,,12,,
957,231,1457,64,13-10-2024,4.88,500,Failed
958,479,1649,154,28-11-2024,3.48,,Completed
959,403,364,118,26-01-2025,2.02,,Failed
960,382,1918,181,21-03-2025,2.79,,
961,92,449,,23-12-2024,,,
962,496,207,291,,,,Completed
963,285,172,233,,3.22,,Completed
964,329,457,300,12-10-2024,12,,
965,350,1708,103,09-10-2024,,,Completed
966,159,1939,259,10-11-2024,,,Failed
967,44,730,115,30-09-2024,,,
968,269,,45,03-06-2024,12,,Completed
969,100,,75,24-02-2025,12,,Completed
970,129,1326,171,30-03-2024,12,96.89,
971,498,1740,177,12-11-2024,12,,
972,137,696,142,01-05-2024,3.18,158.73,Completed
973,198,1020,90,28-04-2024,,,Failed
974,105,518,223,05-04-2024,2.71,141.61,Failed
975,321,360,182,06-10-2024,,500,
976,26,798,263,21-04-2024,,500,Failed
977,18,1884,155,25-04-2024,12,68.84,Completed
978,93,1791,235,20-07-2024,4.63,500,
979,208,1793,86,03-10-2024,,500,Failed
980,178,135,149,04-10-2024,,,Completed
981,127,1904,255,11-09-2024,12,179.58,
982,343,66,243,25-08-2024,,,Completed
983,92,251,282,07-02-2025,5.07,,
984,39,1043,19,06-12-2024,,142.18,Completed
985,231,1304,93,26-04-2024,2.87,,Failed
986,449,954,,02-11-2024,12,73.02,
987,159,394,8,,12,500,
988,57,319,33,23-11-2024,,,Failed
989,85,1616,194,30-08-2024,,500,Completed
990,242,45,151,02-02-2025,3.11,92.03,
991,97,507,51,31-01-2025,,,Failed
992,95,1019,174,17-08-2024,5.43,500,
993,444,594,23,10-09-2024,12,500,Failed
994,462,899,286,18-08-2024,1.52,148.62,Completed
995,257,52,59,06-12-2024,,,Completed
996,270,729,228,29-09-2024,4.32,94.4,
997,166,1954,73,02-04-2024,1.21,,
998,218,67,276,18-03-2025,12,,Failed
999,468,327,153,,12,158.74,
1000,490,1042,251,,,500,
