{
    "name": "DeliveryParFile",
    "properties": {
        "linkedServiceName": {
            "referenceName": "BizLakeGenConnection",
            "type": "LinkedServiceReference"
        },
        "annotations": [],
        "type": "Parquet",
        "typeProperties": {
            "location": {
                "type": "AzureBlobFSLocation",
                "fileName": "delivery_data.parquet",
                "folderPath": "Delivery",
                "fileSystem": "bronze"
            },
            "compressionCodec": "snappy"
        },
        "schema": [
            {
                "name": "delivery_id",
                "type": "UTF8"
            },
            {
                "name": "vehicle_id",
                "type": "UTF8"
            },
            {
                "name": "route_id",
                "type": "UTF8"
            },
            {
                "name": "driver_id",
                "type": "UTF8"
            },
            {
                "name": "delivery_date",
                "type": "UTF8"
            },
            {
                "name": "delivery_time",
                "type": "UTF8"
            },
            {
                "name": "distance_covered",
                "type": "UTF8"
            },
            {
                "name": "delivery_status",
                "type": "UTF8"
            },
            {
                "name": "ingestion_date",
                "type": "UTF8"
            },
            {
                "name": "source_file",
                "type": "UTF8"
            }
        ]
    },
    "type": "Microsoft.DataFactory/factories/datasets"
}