{
    "name": "RouteParFile",
    "properties": {
        "linkedServiceName": {
            "referenceName": "BizLakeGenConnection",
            "type": "LinkedServiceReference"
        },
        "annotations": [],
        "type": "Parquet",
        "typeProperties": {
            "location": {
                "type": "AzureBlobFSLocation",
                "fileName": "route_data.parquet",
                "folderPath": "Route",
                "fileSystem": "bronze"
            },
            "compressionCodec": "snappy"
        },
        "schema": [
            {
                "name": "route_id",
                "type": "UTF8"
            },
            {
                "name": "start_location",
                "type": "UTF8"
            },
            {
                "name": "end_location",
                "type": "UTF8"
            },
            {
                "name": "distance",
                "type": "UTF8"
            },
            {
                "name": "ingestion_date",
                "type": "UTF8"
            },
            {
                "name": "source_file",
                "type": "UTF8"
            }
        ]
    },
    "type": "Microsoft.DataFactory/factories/datasets"
}