{
    "name": "SilverTable",
    "properties": {
        "linkedServiceName": {
            "referenceName": "BizServerConnection",
            "type": "LinkedServiceReference"
        },
        "annotations": [],
        "type": "AzureMySqlTable",
        "schema": [
            {
                "name": "delivery_id",
                "type": "int",
                "precision": 0,
                "scale": 0
            },
            {
                "name": "vehicle_id",
                "type": "int",
                "precision": 0,
                "scale": 0
            },
            {
                "name": "vehicle_type",
                "type": "varchar",
                "precision": 0,
                "scale": 0
            },
            {
                "name": "driver_name",
                "type": "varchar",
                "precision": 0,
                "scale": 0
            },
            {
                "name": "driver_rating",
                "type": "float",
                "precision": 0,
                "scale": 31
            },
            {
                "name": "route_name",
                "type": "varchar",
                "precision": 0,
                "scale": 0
            },
            {
                "name": "delivery_time",
                "type": "float",
                "precision": 0,
                "scale": 31
            },
            {
                "name": "distance_covered",
                "type": "float",
                "precision": 0,
                "scale": 31
            },
            {
                "name": "delivery_status",
                "type": "varchar",
                "precision": 0,
                "scale": 0
            },
            {
                "name": "distance",
                "type": "float",
                "precision": 0,
                "scale": 31
            },
            {
                "name": "fuel_efficiency",
                "type": "float",
                "precision": 0,
                "scale": 31
            },
            {
                "name": "fuel_consumed",
                "type": "float",
                "precision": 0,
                "scale": 31
            },
            {
                "name": "processed_date",
                "type": "timestamp",
                "precision": 0,
                "scale": 0
            }
        ],
        "typeProperties": {
            "tableName": "delivery_data_silver"
        }
    },
    "type": "Microsoft.DataFactory/factories/datasets"
}