{
    "name": "RouteRawParquet",
    "properties": {
        "linkedServiceName": {
            "referenceName": "BizLakeGenConnection",
            "type": "LinkedServiceReference"
        },
        "annotations": [],
        "type": "Parquet",
        "typeProperties": {
            "location": {
                "type": "AzureBlobFSLocation",
                "folderPath": "Route",
                "fileSystem": "bronze"
            },
            "compressionCodec": "snappy"
        },
        "schema": []
    },
    "type": "Microsoft.DataFactory/factories/datasets"
}