{
    "name": "VehicleParFile",
    "properties": {
        "linkedServiceName": {
            "referenceName": "BizLakeGenConnection",
            "type": "LinkedServiceReference"
        },
        "annotations": [],
        "type": "Parquet",
        "typeProperties": {
            "location": {
                "type": "AzureBlobFSLocation",
                "fileName": "vehicle_data.parquet",
                "folderPath": "Vehicle",
                "fileSystem": "bronze"
            },
            "compressionCodec": "snappy"
        },
        "schema": [
            {
                "name": "vehicle_id",
                "type": "UTF8"
            },
            {
                "name": "vehicle_type",
                "type": "UTF8"
            },
            {
                "name": "fuel_efficiency",
                "type": "UTF8"
            },
            {
                "name": "capacity",
                "type": "UTF8"
            },
            {
                "name": "ingestion_date",
                "type": "UTF8"
            },
            {
                "name": "source_file",
                "type": "UTF8"
            }
        ]
    },
    "type": "Microsoft.DataFactory/factories/datasets"
}