{
    "name": "Silver_Cleaning_Tranformation",
    "properties": {
        "type": "MappingDataFlow",
        "typeProperties": {
            "sources": [
                {
                    "dataset": {
                        "referenceName": "DeliveryParFile",
                        "type": "DatasetReference"
                    },
                    "name": "DeliverySource"
                },
                {
                    "dataset": {
                        "referenceName": "DriverParFile",
                        "type": "DatasetReference"
                    },
                    "name": "DriverSource"
                },
                {
                    "dataset": {
                        "referenceName": "RouteParFile",
                        "type": "DatasetReference"
                    },
                    "name": "RouteSource"
                },
                {
                    "dataset": {
                        "referenceName": "VehicleParFile",
                        "type": "DatasetReference"
                    },
                    "name": "VehicleSource"
                }
            ],
            "sinks": [
                {
                    "dataset": {
                        "referenceName": "SilverDump",
                        "type": "DatasetReference"
                    },
                    "name": "SilverDumpParquet"
                },
                {
                    "dataset": {
                        "referenceName": "SilverTable",
                        "type": "DatasetReference"
                    },
                    "name": "SilverDumpMySQL"
                }
            ],
            "transformations": [
                {
                    "name": "DeliveryRemovingNull"
                },
                {
                    "name": "DriverRemovingNull"
                },
                {
                    "name": "RouteRemovingNull"
                },
                {
                    "name": "VehicleRemovingNull"
                },
                {
                    "name": "FeatureSelectionDelivery"
                },
                {
                    "name": "FeatureSelectionDriver"
                },
                {
                    "name": "FeatureSelectionRoute"
                },
                {
                    "name": "FeatureSelectionVehicle"
                },
                {
                    "name": "JoinDeliveryDriver"
                },
                {
                    "name": "JoinDeliveryDriverRoute"
                },
                {
                    "name": "JoinDeliveryDriverRouteVehicle"
                },
                {
                    "name": "RemovingDuplicateColumns"
                },
                {
                    "name": "FuelConsumptionProcessedDateRouteName"
                },
                {
                    "name": "TypeCasting"
                },
                {
                    "name": "SilverColumns"
                }
            ],
            "scriptLines": [
                "source(output(",
                "          delivery_id as string,",
                "          vehicle_id as string,",
                "          route_id as string,",
                "          driver_id as string,",
                "          delivery_date as string,",
                "          delivery_time as string,",
                "          distance_covered as string,",
                "          delivery_status as string,",
                "          ingestion_date as string,",
                "          source_file as string",
                "     ),",
                "     allowSchemaDrift: true,",
                "     validateSchema: false,",
                "     ignoreNoFilesFound: false,",
                "     format: 'parquet') ~> DeliverySource",
                "source(output(",
                "          driver_id as string,",
                "          driver_name as string,",
                "          experience_years as string,",
                "          rating as string,",
                "          ingestion_date as string,",
                "          source_file as string",
                "     ),",
                "     allowSchemaDrift: true,",
                "     validateSchema: false,",
                "     ignoreNoFilesFound: false,",
                "     format: 'parquet') ~> DriverSource",
                "source(output(",
                "          route_id as string,",
                "          start_location as string,",
                "          end_location as string,",
                "          distance as string,",
                "          ingestion_date as string,",
                "          source_file as string",
                "     ),",
                "     allowSchemaDrift: true,",
                "     validateSchema: false,",
                "     ignoreNoFilesFound: false,",
                "     format: 'parquet') ~> RouteSource",
                "source(output(",
                "          vehicle_id as string,",
                "          vehicle_type as string,",
                "          fuel_efficiency as string,",
                "          capacity as string,",
                "          ingestion_date as string,",
                "          source_file as string",
                "     ),",
                "     allowSchemaDrift: true,",
                "     validateSchema: false,",
                "     ignoreNoFilesFound: false,",
                "     format: 'parquet') ~> VehicleSource",
                "DeliverySource filter(!isNull(delivery_id) && ",
                "!isNull(vehicle_id) && ",
                "!isNull(route_id) && ",
                "!isNull(driver_id) && ",
                "!isNull(delivery_time) && ",
                "!isNull(distance_covered) && ",
                "!isNull(delivery_status)) ~> DeliveryRemovingNull",
                "DriverSource filter(!isNull(driver_id) && ",
                "!isNull(driver_name) && ",
                "!isNull(rating)) ~> DriverRemovingNull",
                "RouteSource filter(!isNull(route_id) && \r",
                "!isNull(start_location) && \r",
                "!isNull(end_location) && \r",
                "!isNull(distance)) ~> RouteRemovingNull",
                "VehicleSource filter(!isNull(vehicle_id) && ",
                "!isNull(vehicle_type) && ",
                "!isNull(fuel_efficiency)) ~> VehicleRemovingNull",
                "DeliveryRemovingNull select(mapColumn(",
                "          delivery_id,",
                "          vehicle_id,",
                "          route_id,",
                "          driver_id,",
                "          delivery_date,",
                "          delivery_time,",
                "          distance_covered,",
                "          delivery_status",
                "     ),",
                "     skipDuplicateMapInputs: true,",
                "     skipDuplicateMapOutputs: true) ~> FeatureSelectionDelivery",
                "DriverRemovingNull select(mapColumn(",
                "          driver_id,",
                "          driver_name,",
                "          experience_years,",
                "          rating",
                "     ),",
                "     skipDuplicateMapInputs: true,",
                "     skipDuplicateMapOutputs: true) ~> FeatureSelectionDriver",
                "RouteRemovingNull select(mapColumn(",
                "          route_id,",
                "          start_location,",
                "          end_location,",
                "          distance",
                "     ),",
                "     skipDuplicateMapInputs: true,",
                "     skipDuplicateMapOutputs: true) ~> FeatureSelectionRoute",
                "VehicleRemovingNull select(mapColumn(",
                "          vehicle_id,",
                "          vehicle_type,",
                "          fuel_efficiency,",
                "          capacity",
                "     ),",
                "     skipDuplicateMapInputs: true,",
                "     skipDuplicateMapOutputs: true) ~> FeatureSelectionVehicle",
                "FeatureSelectionDelivery, FeatureSelectionDriver join(FeatureSelectionDelivery@driver_id == FeatureSelectionDriver@driver_id,",
                "     joinType:'inner',",
                "     matchType:'exact',",
                "     ignoreSpaces: false,",
                "     broadcast: 'auto')~> JoinDeliveryDriver",
                "JoinDeliveryDriver, FeatureSelectionRoute join(FeatureSelectionDelivery@route_id == FeatureSelectionRoute@route_id,",
                "     joinType:'inner',",
                "     matchType:'exact',",
                "     ignoreSpaces: false,",
                "     broadcast: 'auto')~> JoinDeliveryDriverRoute",
                "JoinDeliveryDriverRoute, FeatureSelectionVehicle join(FeatureSelectionDelivery@vehicle_id == FeatureSelectionVehicle@vehicle_id,",
                "     joinType:'inner',",
                "     matchType:'exact',",
                "     ignoreSpaces: false,",
                "     broadcast: 'auto')~> JoinDeliveryDriverRouteVehicle",
                "JoinDeliveryDriverRouteVehicle select(mapColumn(",
                "          delivery_id,",
                "          vehicle_id = FeatureSelectionDelivery@vehicle_id,",
                "          route_id = FeatureSelectionDelivery@route_id,",
                "          driver_id = FeatureSelectionDelivery@driver_id,",
                "          delivery_date,",
                "          delivery_time,",
                "          distance_covered,",
                "          delivery_status,",
                "          driver_id = FeatureSelectionDriver@driver_id,",
                "          driver_name,",
                "          experience_years,",
                "          rating,",
                "          route_id = FeatureSelectionRoute@route_id,",
                "          start_location,",
                "          end_location,",
                "          distance,",
                "          vehicle_id = FeatureSelectionVehicle@vehicle_id,",
                "          vehicle_type,",
                "          fuel_efficiency,",
                "          capacity",
                "     ),",
                "     skipDuplicateMapInputs: true,",
                "     skipDuplicateMapOutputs: true) ~> RemovingDuplicateColumns",
                "RemovingDuplicateColumns derive(fuel_consumed = toFloat(distance_covered) / toFloat(fuel_efficiency),",
                "          processed_date = currentTimestamp(),",
                "          route_name = start_location + ' - ' + end_location) ~> FuelConsumptionProcessedDateRouteName",
                "FuelConsumptionProcessedDateRouteName derive(delivery_id = toInteger(delivery_id),",
                "          vehicle_id = toInteger(vehicle_id),",
                "          delivery_time = toFloat(delivery_time),",
                "          distance_covered = toFloat(distance_covered),",
                "          driver_rating = toFloat(rating),",
                "          distance = toFloat(distance),",
                "          fuel_efficiency = toFloat(fuel_efficiency)) ~> TypeCasting",
                "TypeCasting select(mapColumn(",
                "          delivery_id,",
                "          vehicle_id,",
                "          vehicle_type,",
                "          driver_name,",
                "          driver_rating,",
                "          route_name,",
                "          delivery_time,",
                "          distance_covered,",
                "          delivery_status,",
                "          distance,",
                "          fuel_efficiency,",
                "          fuel_consumed,",
                "          processed_date",
                "     ),",
                "     skipDuplicateMapInputs: true,",
                "     skipDuplicateMapOutputs: true) ~> SilverColumns",
                "SilverColumns sink(allowSchemaDrift: true,",
                "     validateSchema: false,",
                "     format: 'parquet',",
                "     partitionFileNames:['delivery_data_silver.parquet'],",
                "     umask: 0022,",
                "     preCommands: [],",
                "     postCommands: [],",
                "     skipDuplicateMapInputs: true,",
                "     skipDuplicateMapOutputs: true,",
                "     partitionBy('hash', 1)) ~> SilverDumpParquet",
                "SilverColumns sink(allowSchemaDrift: true,",
                "     validateSchema: false,",
                "     input(",
                "          delivery_id as integer,",
                "          vehicle_id as integer,",
                "          vehicle_type as string,",
                "          driver_name as string,",
                "          driver_rating as float,",
                "          route_name as string,",
                "          delivery_time as float,",
                "          distance_covered as float,",
                "          delivery_status as string,",
                "          distance as float,",
                "          fuel_efficiency as float,",
                "          fuel_consumed as float,",
                "          processed_date as timestamp",
                "     ),",
                "     deletable:false,",
                "     insertable:true,",
                "     updateable:false,",
                "     upsertable:false,",
                "     format: 'table',",
                "     skipDuplicateMapInputs: true,",
                "     skipDuplicateMapOutputs: true) ~> SilverDumpMySQL"
            ]
        }
    }
}