{
    "now": "2025-04-05T11:41:18.413Z",
    "perfNow": 1424322,
    "diagnosticCorrelation": "65c1bdb7-67a8-4bce-868f-2c96789a7f0b",
    "source": "DownloadSupportFiles",
    "environment": {
        "productName": "adf",
        "buildVersion": "1.0.040125.0",
        "environmentType": 3,
        "resourceName": "bizdatafactory",
        "resourceRegion": "southeastasia",
        "resourceGroup": "BizRG",
        "subscriptionId": "f939db4f-5842-4c48-945a-0b3358614845",
        "sessionId": "Bi7xNlrx0ar0TP5VydM+Se",
        "operationId": "",
        "gitType": "live",
        "loggingKey": "af6d5cdf-55c4-4db0-b2d8-4f818c49eed1"
    },
    "additionalInfo": {
        "selectedResource": "DeliveryRawParquet",
        "selectedResourceType": "dataset"
    }
}