{
    "name": "DeliveryRawCSV",
    "properties": {
        "linkedServiceName": {
            "referenceName": "BizBlobStoreConnection",
            "type": "LinkedServiceReference"
        },
        "annotations": [],
        "type": "DelimitedText",
        "typeProperties": {
            "location": {
                "type": "AzureBlobStorageLocation",
                "fileName": "delivery_data.csv",
                "container": "raw"
            },
            "columnDelimiter": ",",
            "escapeChar": "\\",
            "firstRowAsHeader": true,
            "quoteChar": "\""
        },
        "schema": [
            {
                "name": "delivery_id",
                "type": "String"
            },
            {
                "name": "vehicle_id",
                "type": "String"
            },
            {
                "name": "route_id",
                "type": "String"
            },
            {
                "name": "driver_id",
                "type": "String"
            },
            {
                "name": "delivery_date",
                "type": "String"
            },
            {
                "name": "delivery_time",
                "type": "String"
            },
            {
                "name": "distance_covered",
                "type": "String"
            },
            {
                "name": "delivery_status",
                "type": "String"
            }
        ]
    },
    "type": "Microsoft.DataFactory/factories/datasets"
}