{
    "name": "transport_pipe",
    "properties": {
        "description": "Automation of the entire data pipeline from raw data ingestion to the final Gold layer.",
        "activities": [
            {
                "name": "Copy delivery data to bronze layer",
                "type": "Copy",
                "dependsOn": [],
                "policy": {
                    "timeout": "0.12:00:00",
                    "retry": 0,
                    "retryIntervalInSeconds": 30,
                    "secureOutput": false,
                    "secureInput": false
                },
                "userProperties": [],
                "typeProperties": {
                    "source": {
                        "type": "DelimitedTextSource",
                        "additionalColumns": [
                            {
                                "name": "ingestion_date",
                                "value": {
                                    "value": "@utcnow()",
                                    "type": "Expression"
                                }
                            },
                            {
                                "name": "source_file",
                                "value": "$$FILENAME"
                            }
                        ],
                        "storeSettings": {
                            "type": "AzureBlobStorageReadSettings",
                            "recursive": true,
                            "enablePartitionDiscovery": false
                        },
                        "formatSettings": {
                            "type": "DelimitedTextReadSettings"
                        }
                    },
                    "sink": {
                        "type": "ParquetSink",
                        "storeSettings": {
                            "type": "AzureBlobFSWriteSettings"
                        },
                        "formatSettings": {
                            "type": "ParquetWriteSettings"
                        }
                    },
                    "enableStaging": false,
                    "logSettings": {
                        "enableCopyActivityLog": true,
                        "copyActivityLogSettings": {
                            "logLevel": "Info",
                            "enableReliableLogging": false
                        },
                        "logLocationSettings": {
                            "linkedServiceName": {
                                "referenceName": "BizLakeGenConnection",
                                "type": "LinkedServiceReference"
                            },
                            "path": "bronze/Delivery"
                        }
                    },
                    "translator": {
                        "type": "TabularTranslator",
                        "mappings": [
                            {
                                "source": {
                                    "name": "delivery_id",
                                    "type": "String",
                                    "physicalType": "String"
                                },
                                "sink": {
                                    "name": "delivery_id",
                                    "type": "String",
                                    "physicalType": "UTF8"
                                }
                            },
                            {
                                "source": {
                                    "name": "vehicle_id",
                                    "type": "String",
                                    "physicalType": "String"
                                },
                                "sink": {
                                    "name": "vehicle_id",
                                    "type": "String",
                                    "physicalType": "UTF8"
                                }
                            },
                            {
                                "source": {
                                    "name": "route_id",
                                    "type": "String",
                                    "physicalType": "String"
                                },
                                "sink": {
                                    "name": "route_id",
                                    "type": "String",
                                    "physicalType": "UTF8"
                                }
                            },
                            {
                                "source": {
                                    "name": "driver_id",
                                    "type": "String",
                                    "physicalType": "String"
                                },
                                "sink": {
                                    "name": "driver_id",
                                    "type": "String",
                                    "physicalType": "UTF8"
                                }
                            },
                            {
                                "source": {
                                    "name": "delivery_date",
                                    "type": "String",
                                    "physicalType": "String"
                                },
                                "sink": {
                                    "name": "delivery_date",
                                    "type": "String",
                                    "physicalType": "UTF8"
                                }
                            },
                            {
                                "source": {
                                    "name": "delivery_time",
                                    "type": "String",
                                    "physicalType": "String"
                                },
                                "sink": {
                                    "name": "delivery_time",
                                    "type": "String",
                                    "physicalType": "UTF8"
                                }
                            },
                            {
                                "source": {
                                    "name": "distance_covered",
                                    "type": "String",
                                    "physicalType": "String"
                                },
                                "sink": {
                                    "name": "distance_covered",
                                    "type": "String",
                                    "physicalType": "UTF8"
                                }
                            },
                            {
                                "source": {
                                    "name": "delivery_status",
                                    "type": "String",
                                    "physicalType": "String"
                                },
                                "sink": {
                                    "name": "delivery_status",
                                    "type": "String",
                                    "physicalType": "UTF8"
                                }
                            },
                            {
                                "source": {
                                    "name": "ingestion_date",
                                    "type": "String"
                                },
                                "sink": {
                                    "name": "ingestion_date",
                                    "type": "String",
                                    "physicalType": "UTF8"
                                }
                            },
                            {
                                "source": {
                                    "name": "source_file",
                                    "type": "String"
                                },
                                "sink": {
                                    "name": "source_file",
                                    "type": "String",
                                    "physicalType": "UTF8"
                                }
                            }
                        ],
                        "typeConversion": true,
                        "typeConversionSettings": {
                            "allowDataTruncation": true,
                            "treatBooleanAsNumber": false
                        }
                    }
                },
                "inputs": [
                    {
                        "referenceName": "DeliveryRawCSV",
                        "type": "DatasetReference"
                    }
                ],
                "outputs": [
                    {
                        "referenceName": "DeliveryRawParquet",
                        "type": "DatasetReference"
                    }
                ]
            },
            {
                "name": "Wait 5 seconds",
                "type": "Wait",
                "dependsOn": [
                    {
                        "activity": "Copy driver data to bronze layer",
                        "dependencyConditions": [
                            "Succeeded"
                        ]
                    },
                    {
                        "activity": "Copy delivery data to bronze layer",
                        "dependencyConditions": [
                            "Succeeded"
                        ]
                    },
                    {
                        "activity": "Copy route data to bronze layer",
                        "dependencyConditions": [
                            "Succeeded"
                        ]
                    },
                    {
                        "activity": "Copy vehicle data to bronze layer",
                        "dependencyConditions": [
                            "Succeeded"
                        ]
                    }
                ],
                "userProperties": [],
                "typeProperties": {
                    "waitTimeInSeconds": 5
                }
            },
            {
                "name": "Copy driver data to bronze layer",
                "type": "Copy",
                "dependsOn": [],
                "policy": {
                    "timeout": "0.12:00:00",
                    "retry": 0,
                    "retryIntervalInSeconds": 30,
                    "secureOutput": false,
                    "secureInput": false
                },
                "userProperties": [],
                "typeProperties": {
                    "source": {
                        "type": "DelimitedTextSource",
                        "additionalColumns": [
                            {
                                "name": "ingestion_date",
                                "value": {
                                    "value": "@utcnow()",
                                    "type": "Expression"
                                }
                            },
                            {
                                "name": "source_file",
                                "value": "$$FILENAME"
                            }
                        ],
                        "storeSettings": {
                            "type": "AzureBlobStorageReadSettings",
                            "recursive": true,
                            "enablePartitionDiscovery": false
                        },
                        "formatSettings": {
                            "type": "DelimitedTextReadSettings"
                        }
                    },
                    "sink": {
                        "type": "ParquetSink",
                        "storeSettings": {
                            "type": "AzureBlobFSWriteSettings"
                        },
                        "formatSettings": {
                            "type": "ParquetWriteSettings"
                        }
                    },
                    "enableStaging": false,
                    "logSettings": {
                        "enableCopyActivityLog": true,
                        "copyActivityLogSettings": {
                            "logLevel": "Info",
                            "enableReliableLogging": false
                        },
                        "logLocationSettings": {
                            "linkedServiceName": {
                                "referenceName": "BizLakeGenConnection",
                                "type": "LinkedServiceReference"
                            },
                            "path": "bronze/Driver"
                        }
                    },
                    "translator": {
                        "type": "TabularTranslator",
                        "mappings": [
                            {
                                "source": {
                                    "name": "driver_id",
                                    "type": "String",
                                    "physicalType": "String"
                                },
                                "sink": {
                                    "name": "driver_id",
                                    "type": "String",
                                    "physicalType": "UTF8"
                                }
                            },
                            {
                                "source": {
                                    "name": "driver_name",
                                    "type": "String",
                                    "physicalType": "String"
                                },
                                "sink": {
                                    "name": "driver_name",
                                    "type": "String",
                                    "physicalType": "UTF8"
                                }
                            },
                            {
                                "source": {
                                    "name": "experience_years",
                                    "type": "String",
                                    "physicalType": "String"
                                },
                                "sink": {
                                    "name": "experience_years",
                                    "type": "String",
                                    "physicalType": "UTF8"
                                }
                            },
                            {
                                "source": {
                                    "name": "rating",
                                    "type": "String",
                                    "physicalType": "String"
                                },
                                "sink": {
                                    "name": "rating",
                                    "type": "String",
                                    "physicalType": "UTF8"
                                }
                            },
                            {
                                "source": {
                                    "name": "ingestion_date",
                                    "type": "String"
                                },
                                "sink": {
                                    "name": "ingestion_date",
                                    "type": "String",
                                    "physicalType": "UTF8"
                                }
                            },
                            {
                                "source": {
                                    "name": "source_file",
                                    "type": "String"
                                },
                                "sink": {
                                    "name": "source_file",
                                    "type": "String",
                                    "physicalType": "UTF8"
                                }
                            }
                        ],
                        "typeConversion": true,
                        "typeConversionSettings": {
                            "allowDataTruncation": true,
                            "treatBooleanAsNumber": false
                        }
                    }
                },
                "inputs": [
                    {
                        "referenceName": "DriverRawCSV",
                        "type": "DatasetReference"
                    }
                ],
                "outputs": [
                    {
                        "referenceName": "DriverRawParquet",
                        "type": "DatasetReference"
                    }
                ]
            },
            {
                "name": "Copy route data to bronze layer",
                "type": "Copy",
                "dependsOn": [],
                "policy": {
                    "timeout": "0.12:00:00",
                    "retry": 0,
                    "retryIntervalInSeconds": 30,
                    "secureOutput": false,
                    "secureInput": false
                },
                "userProperties": [],
                "typeProperties": {
                    "source": {
                        "type": "DelimitedTextSource",
                        "additionalColumns": [
                            {
                                "name": "ingestion_date",
                                "value": {
                                    "value": "@utcnow()",
                                    "type": "Expression"
                                }
                            },
                            {
                                "name": "source_file",
                                "value": "$$FILENAME"
                            }
                        ],
                        "storeSettings": {
                            "type": "AzureBlobStorageReadSettings",
                            "recursive": true,
                            "enablePartitionDiscovery": false
                        },
                        "formatSettings": {
                            "type": "DelimitedTextReadSettings"
                        }
                    },
                    "sink": {
                        "type": "ParquetSink",
                        "storeSettings": {
                            "type": "AzureBlobFSWriteSettings"
                        },
                        "formatSettings": {
                            "type": "ParquetWriteSettings"
                        }
                    },
                    "enableStaging": false,
                    "logSettings": {
                        "enableCopyActivityLog": true,
                        "copyActivityLogSettings": {
                            "logLevel": "Info",
                            "enableReliableLogging": false
                        },
                        "logLocationSettings": {
                            "linkedServiceName": {
                                "referenceName": "BizLakeGenConnection",
                                "type": "LinkedServiceReference"
                            },
                            "path": "bronze/Route"
                        }
                    },
                    "translator": {
                        "type": "TabularTranslator",
                        "mappings": [
                            {
                                "source": {
                                    "name": "route_id",
                                    "type": "String",
                                    "physicalType": "String"
                                },
                                "sink": {
                                    "name": "route_id",
                                    "type": "String",
                                    "physicalType": "UTF8"
                                }
                            },
                            {
                                "source": {
                                    "name": "start_location",
                                    "type": "String",
                                    "physicalType": "String"
                                },
                                "sink": {
                                    "name": "start_location",
                                    "type": "String",
                                    "physicalType": "UTF8"
                                }
                            },
                            {
                                "source": {
                                    "name": "end_location",
                                    "type": "String",
                                    "physicalType": "String"
                                },
                                "sink": {
                                    "name": "end_location",
                                    "type": "String",
                                    "physicalType": "UTF8"
                                }
                            },
                            {
                                "source": {
                                    "name": "distance",
                                    "type": "String",
                                    "physicalType": "String"
                                },
                                "sink": {
                                    "name": "distance",
                                    "type": "String",
                                    "physicalType": "UTF8"
                                }
                            },
                            {
                                "source": {
                                    "name": "ingestion_date",
                                    "type": "String"
                                },
                                "sink": {
                                    "name": "ingestion_date",
                                    "type": "String",
                                    "physicalType": "UTF8"
                                }
                            },
                            {
                                "source": {
                                    "name": "source_file",
                                    "type": "String"
                                },
                                "sink": {
                                    "name": "source_file",
                                    "type": "String",
                                    "physicalType": "UTF8"
                                }
                            }
                        ],
                        "typeConversion": true,
                        "typeConversionSettings": {
                            "allowDataTruncation": true,
                            "treatBooleanAsNumber": false
                        }
                    }
                },
                "inputs": [
                    {
                        "referenceName": "RouteRawCSV",
                        "type": "DatasetReference"
                    }
                ],
                "outputs": [
                    {
                        "referenceName": "RouteRawParquet",
                        "type": "DatasetReference"
                    }
                ]
            },
            {
                "name": "Copy vehicle data to bronze layer",
                "type": "Copy",
                "dependsOn": [],
                "policy": {
                    "timeout": "0.12:00:00",
                    "retry": 0,
                    "retryIntervalInSeconds": 30,
                    "secureOutput": false,
                    "secureInput": false
                },
                "userProperties": [],
                "typeProperties": {
                    "source": {
                        "type": "DelimitedTextSource",
                        "additionalColumns": [
                            {
                                "name": "ingestion_date",
                                "value": {
                                    "value": "@utcnow()",
                                    "type": "Expression"
                                }
                            },
                            {
                                "name": "source_file",
                                "value": "$$FILENAME"
                            }
                        ],
                        "storeSettings": {
                            "type": "AzureBlobStorageReadSettings",
                            "recursive": true,
                            "enablePartitionDiscovery": false
                        },
                        "formatSettings": {
                            "type": "DelimitedTextReadSettings"
                        }
                    },
                    "sink": {
                        "type": "ParquetSink",
                        "storeSettings": {
                            "type": "AzureBlobFSWriteSettings"
                        },
                        "formatSettings": {
                            "type": "ParquetWriteSettings"
                        }
                    },
                    "enableStaging": false,
                    "logSettings": {
                        "enableCopyActivityLog": true,
                        "copyActivityLogSettings": {
                            "logLevel": "Warning",
                            "enableReliableLogging": false
                        },
                        "logLocationSettings": {
                            "linkedServiceName": {
                                "referenceName": "BizLakeGenConnection",
                                "type": "LinkedServiceReference"
                            },
                            "path": "bronze/Vehicle"
                        }
                    },
                    "translator": {
                        "type": "TabularTranslator",
                        "mappings": [
                            {
                                "source": {
                                    "name": "vehicle_id",
                                    "type": "String",
                                    "physicalType": "String"
                                },
                                "sink": {
                                    "name": "vehicle_id",
                                    "type": "String",
                                    "physicalType": "UTF8"
                                }
                            },
                            {
                                "source": {
                                    "name": "vehicle_type",
                                    "type": "String",
                                    "physicalType": "String"
                                },
                                "sink": {
                                    "name": "vehicle_type",
                                    "type": "String",
                                    "physicalType": "UTF8"
                                }
                            },
                            {
                                "source": {
                                    "name": "fuel_efficiency",
                                    "type": "String",
                                    "physicalType": "String"
                                },
                                "sink": {
                                    "name": "fuel_efficiency",
                                    "type": "String",
                                    "physicalType": "UTF8"
                                }
                            },
                            {
                                "source": {
                                    "name": "capacity",
                                    "type": "String",
                                    "physicalType": "String"
                                },
                                "sink": {
                                    "name": "capacity",
                                    "type": "String",
                                    "physicalType": "UTF8"
                                }
                            },
                            {
                                "source": {
                                    "name": "ingestion_date",
                                    "type": "String"
                                },
                                "sink": {
                                    "name": "ingestion_date",
                                    "type": "String",
                                    "physicalType": "UTF8"
                                }
                            },
                            {
                                "source": {
                                    "name": "source_file",
                                    "type": "String"
                                },
                                "sink": {
                                    "name": "source_file",
                                    "type": "String",
                                    "physicalType": "UTF8"
                                }
                            }
                        ],
                        "typeConversion": true,
                        "typeConversionSettings": {
                            "allowDataTruncation": true,
                            "treatBooleanAsNumber": false
                        }
                    }
                },
                "inputs": [
                    {
                        "referenceName": "VehicleRawCSV",
                        "type": "DatasetReference"
                    }
                ],
                "outputs": [
                    {
                        "referenceName": "VehicleRawParquet",
                        "type": "DatasetReference"
                    }
                ]
            },
            {
                "name": "Applying transformation and storing in Sliver layer",
                "type": "ExecuteDataFlow",
                "dependsOn": [
                    {
                        "activity": "Wait 5 seconds",
                        "dependencyConditions": [
                            "Succeeded"
                        ]
                    }
                ],
                "policy": {
                    "timeout": "0.12:00:00",
                    "retry": 0,
                    "retryIntervalInSeconds": 30,
                    "secureOutput": false,
                    "secureInput": false
                },
                "userProperties": [],
                "typeProperties": {
                    "dataflow": {
                        "referenceName": "Silver_Cleaning_Tranformation",
                        "type": "DataFlowReference"
                    },
                    "compute": {
                        "coreCount": 8,
                        "computeType": "General"
                    },
                    "traceLevel": "Fine"
                }
            },
            {
                "name": "Gold Aggregations",
                "type": "DatabricksNotebook",
                "dependsOn": [
                    {
                        "activity": "Wait 5 seconds - 2",
                        "dependencyConditions": [
                            "Succeeded"
                        ]
                    }
                ],
                "policy": {
                    "timeout": "0.12:00:00",
                    "retry": 0,
                    "retryIntervalInSeconds": 30,
                    "secureOutput": false,
                    "secureInput": false
                },
                "userProperties": [],
                "typeProperties": {
                    "notebookPath": "/Users/aftabtambolee@outlook.com/transportation_gold"
                },
                "linkedServiceName": {
                    "referenceName": "BizWorkSpaceConnection",
                    "type": "LinkedServiceReference"
                }
            },
            {
                "name": "Wait 5 seconds - 2",
                "type": "Wait",
                "dependsOn": [
                    {
                        "activity": "Applying transformation and storing in Sliver layer",
                        "dependencyConditions": [
                            "Succeeded"
                        ]
                    }
                ],
                "userProperties": [],
                "typeProperties": {
                    "waitTimeInSeconds": 5
                }
            }
        ],
        "annotations": [],
        "lastPublishTime": "2025-04-05T03:48:01Z"
    },
    "type": "Microsoft.DataFactory/factories/pipelines"
}