{"$schema":"http://schema.management.azure.com/schemas/2015-01-01/deploymentTemplate.json#","contentVersion":"1.0.0.0","parameters":{"factoryName":{"type":"string","metadata":"Data Factory name"},"BizLakeGenConnection":{"type":"string"},"BizWorkSpaceConnection":{"type":"string"},"BizBlobStoreConnection":{"type":"string"},"BizServerConnection":{"type":"string"}},"variables":{"factoryId":"[concat('Microsoft.DataFactory/factories/', parameters('factoryName'))]"},"resources":[{"name":"[concat(parameters('factoryName'), '/transport_pipe')]","type":"Microsoft.DataFactory/factories/pipelines","apiVersion":"2018-06-01","properties":{"description":"Automation of the entire data pipeline from raw data ingestion to the final Gold layer.","activities":[{"name":"Copy delivery data to bronze layer","type":"Copy","dependsOn":[],"policy":{"timeout":"0.12:00:00","retry":0,"retryIntervalInSeconds":30,"secureOutput":false,"secureInput":false},"userProperties":[],"typeProperties":{"source":{"type":"DelimitedTextSource","additionalColumns":[{"name":"ingestion_date","value":{"value":"@utcnow()","type":"Expression"}},{"name":"source_file","value":"$$FILENAME"}],"storeSettings":{"type":"AzureBlobStorageReadSettings","recursive":true,"enablePartitionDiscovery":false},"formatSettings":{"type":"DelimitedTextReadSettings"}},"sink":{"type":"ParquetSink","storeSettings":{"type":"AzureBlobFSWriteSettings"},"formatSettings":{"type":"ParquetWriteSettings"}},"enableStaging":false,"logSettings":{"enableCopyActivityLog":true,"copyActivityLogSettings":{"logLevel":"Info","enableReliableLogging":false},"logLocationSettings":{"linkedServiceName":{"referenceName":"[parameters('BizLakeGenConnection')]","type":"LinkedServiceReference"},"path":"bronze/Delivery"}},"translator":{"type":"TabularTranslator","mappings":[{"source":{"name":"delivery_id","type":"String","physicalType":"String"},"sink":{"name":"delivery_id","type":"String","physicalType":"UTF8"}},{"source":{"name":"vehicle_id","type":"String","physicalType":"String"},"sink":{"name":"vehicle_id","type":"String","physicalType":"UTF8"}},{"source":{"name":"route_id","type":"String","physicalType":"String"},"sink":{"name":"route_id","type":"String","physicalType":"UTF8"}},{"source":{"name":"driver_id","type":"String","physicalType":"String"},"sink":{"name":"driver_id","type":"String","physicalType":"UTF8"}},{"source":{"name":"delivery_date","type":"String","physicalType":"String"},"sink":{"name":"delivery_date","type":"String","physicalType":"UTF8"}},{"source":{"name":"delivery_time","type":"String","physicalType":"String"},"sink":{"name":"delivery_time","type":"String","physicalType":"UTF8"}},{"source":{"name":"distance_covered","type":"String","physicalType":"String"},"sink":{"name":"distance_covered","type":"String","physicalType":"UTF8"}},{"source":{"name":"delivery_status","type":"String","physicalType":"String"},"sink":{"name":"delivery_status","type":"String","physicalType":"UTF8"}},{"source":{"name":"ingestion_date","type":"String"},"sink":{"name":"ingestion_date","type":"String","physicalType":"UTF8"}},{"source":{"name":"source_file","type":"String"},"sink":{"name":"source_file","type":"String","physicalType":"UTF8"}}],"typeConversion":true,"typeConversionSettings":{"allowDataTruncation":true,"treatBooleanAsNumber":false}}},"inputs":[{"referenceName":"DeliveryRawCSV","type":"DatasetReference","parameters":{}}],"outputs":[{"referenceName":"DeliveryRawParquet","type":"DatasetReference","parameters":{}}]},{"name":"Wait 5 seconds","type":"Wait","dependsOn":[{"activity":"Copy driver data to bronze layer","dependencyConditions":["Succeeded"]},{"activity":"Copy delivery data to bronze layer","dependencyConditions":["Succeeded"]},{"activity":"Copy route data to bronze layer","dependencyConditions":["Succeeded"]},{"activity":"Copy vehicle data to bronze layer","dependencyConditions":["Succeeded"]}],"userProperties":[],"typeProperties":{"waitTimeInSeconds":5}},{"name":"Copy driver data to bronze layer","type":"Copy","dependsOn":[],"policy":{"timeout":"0.12:00:00","retry":0,"retryIntervalInSeconds":30,"secureOutput":false,"secureInput":false},"userProperties":[],"typeProperties":{"source":{"type":"DelimitedTextSource","additionalColumns":[{"name":"ingestion_date","value":{"value":"@utcnow()","type":"Expression"}},{"name":"source_file","value":"$$FILENAME"}],"storeSettings":{"type":"AzureBlobStorageReadSettings","recursive":true,"enablePartitionDiscovery":false},"formatSettings":{"type":"DelimitedTextReadSettings"}},"sink":{"type":"ParquetSink","storeSettings":{"type":"AzureBlobFSWriteSettings"},"formatSettings":{"type":"ParquetWriteSettings"}},"enableStaging":false,"logSettings":{"enableCopyActivityLog":true,"copyActivityLogSettings":{"logLevel":"Info","enableReliableLogging":false},"logLocationSettings":{"linkedServiceName":{"referenceName":"[parameters('BizLakeGenConnection')]","type":"LinkedServiceReference"},"path":"bronze/Driver"}},"translator":{"type":"TabularTranslator","mappings":[{"source":{"name":"driver_id","type":"String","physicalType":"String"},"sink":{"name":"driver_id","type":"String","physicalType":"UTF8"}},{"source":{"name":"driver_name","type":"String","physicalType":"String"},"sink":{"name":"driver_name","type":"String","physicalType":"UTF8"}},{"source":{"name":"experience_years","type":"String","physicalType":"String"},"sink":{"name":"experience_years","type":"String","physicalType":"UTF8"}},{"source":{"name":"rating","type":"String","physicalType":"String"},"sink":{"name":"rating","type":"String","physicalType":"UTF8"}},{"source":{"name":"ingestion_date","type":"String"},"sink":{"name":"ingestion_date","type":"String","physicalType":"UTF8"}},{"source":{"name":"source_file","type":"String"},"sink":{"name":"source_file","type":"String","physicalType":"UTF8"}}],"typeConversion":true,"typeConversionSettings":{"allowDataTruncation":true,"treatBooleanAsNumber":false}}},"inputs":[{"referenceName":"DriverRawCSV","type":"DatasetReference","parameters":{}}],"outputs":[{"referenceName":"DriverRawParquet","type":"DatasetReference","parameters":{}}]},{"name":"Copy route data to bronze layer","type":"Copy","dependsOn":[],"policy":{"timeout":"0.12:00:00","retry":0,"retryIntervalInSeconds":30,"secureOutput":false,"secureInput":false},"userProperties":[],"typeProperties":{"source":{"type":"DelimitedTextSource","additionalColumns":[{"name":"ingestion_date","value":{"value":"@utcnow()","type":"Expression"}},{"name":"source_file","value":"$$FILENAME"}],"storeSettings":{"type":"AzureBlobStorageReadSettings","recursive":true,"enablePartitionDiscovery":false},"formatSettings":{"type":"DelimitedTextReadSettings"}},"sink":{"type":"ParquetSink","storeSettings":{"type":"AzureBlobFSWriteSettings"},"formatSettings":{"type":"ParquetWriteSettings"}},"enableStaging":false,"logSettings":{"enableCopyActivityLog":true,"copyActivityLogSettings":{"logLevel":"Info","enableReliableLogging":false},"logLocationSettings":{"linkedServiceName":{"referenceName":"[parameters('BizLakeGenConnection')]","type":"LinkedServiceReference"},"path":"bronze/Route"}},"translator":{"type":"TabularTranslator","mappings":[{"source":{"name":"route_id","type":"String","physicalType":"String"},"sink":{"name":"route_id","type":"String","physicalType":"UTF8"}},{"source":{"name":"start_location","type":"String","physicalType":"String"},"sink":{"name":"start_location","type":"String","physicalType":"UTF8"}},{"source":{"name":"end_location","type":"String","physicalType":"String"},"sink":{"name":"end_location","type":"String","physicalType":"UTF8"}},{"source":{"name":"distance","type":"String","physicalType":"String"},"sink":{"name":"distance","type":"String","physicalType":"UTF8"}},{"source":{"name":"ingestion_date","type":"String"},"sink":{"name":"ingestion_date","type":"String","physicalType":"UTF8"}},{"source":{"name":"source_file","type":"String"},"sink":{"name":"source_file","type":"String","physicalType":"UTF8"}}],"typeConversion":true,"typeConversionSettings":{"allowDataTruncation":true,"treatBooleanAsNumber":false}}},"inputs":[{"referenceName":"RouteRawCSV","type":"DatasetReference","parameters":{}}],"outputs":[{"referenceName":"RouteRawParquet","type":"DatasetReference","parameters":{}}]},{"name":"Copy vehicle data to bronze layer","type":"Copy","dependsOn":[],"policy":{"timeout":"0.12:00:00","retry":0,"retryIntervalInSeconds":30,"secureOutput":false,"secureInput":false},"userProperties":[],"typeProperties":{"source":{"type":"DelimitedTextSource","additionalColumns":[{"name":"ingestion_date","value":{"value":"@utcnow()","type":"Expression"}},{"name":"source_file","value":"$$FILENAME"}],"storeSettings":{"type":"AzureBlobStorageReadSettings","recursive":true,"enablePartitionDiscovery":false},"formatSettings":{"type":"DelimitedTextReadSettings"}},"sink":{"type":"ParquetSink","storeSettings":{"type":"AzureBlobFSWriteSettings"},"formatSettings":{"type":"ParquetWriteSettings"}},"enableStaging":false,"logSettings":{"enableCopyActivityLog":true,"copyActivityLogSettings":{"logLevel":"Warning","enableReliableLogging":false},"logLocationSettings":{"linkedServiceName":{"referenceName":"[parameters('BizLakeGenConnection')]","type":"LinkedServiceReference"},"path":"bronze/Vehicle"}},"translator":{"type":"TabularTranslator","mappings":[{"source":{"name":"vehicle_id","type":"String","physicalType":"String"},"sink":{"name":"vehicle_id","type":"String","physicalType":"UTF8"}},{"source":{"name":"vehicle_type","type":"String","physicalType":"String"},"sink":{"name":"vehicle_type","type":"String","physicalType":"UTF8"}},{"source":{"name":"fuel_efficiency","type":"String","physicalType":"String"},"sink":{"name":"fuel_efficiency","type":"String","physicalType":"UTF8"}},{"source":{"name":"capacity","type":"String","physicalType":"String"},"sink":{"name":"capacity","type":"String","physicalType":"UTF8"}},{"source":{"name":"ingestion_date","type":"String"},"sink":{"name":"ingestion_date","type":"String","physicalType":"UTF8"}},{"source":{"name":"source_file","type":"String"},"sink":{"name":"source_file","type":"String","physicalType":"UTF8"}}],"typeConversion":true,"typeConversionSettings":{"allowDataTruncation":true,"treatBooleanAsNumber":false}}},"inputs":[{"referenceName":"VehicleRawCSV","type":"DatasetReference","parameters":{}}],"outputs":[{"referenceName":"VehicleRawParquet","type":"DatasetReference","parameters":{}}]},{"name":"Applying transformation and storing in Sliver layer","type":"ExecuteDataFlow","dependsOn":[{"activity":"Wait 5 seconds","dependencyConditions":["Succeeded"]}],"policy":{"timeout":"0.12:00:00","retry":0,"retryIntervalInSeconds":30,"secureOutput":false,"secureInput":false},"userProperties":[],"typeProperties":{"dataflow":{"referenceName":"Silver_Cleaning_Tranformation","type":"DataFlowReference","parameters":{},"datasetParameters":{"DeliverySource":{},"DriverSource":{},"RouteSource":{},"VehicleSource":{},"SilverDumpParquet":{},"SilverDumpMySQL":{}}},"staging":{},"compute":{"coreCount":8,"computeType":"General"},"traceLevel":"Fine"}},{"name":"Gold Aggregations","type":"DatabricksNotebook","dependsOn":[{"activity":"Wait 5 seconds - 2","dependencyConditions":["Succeeded"]}],"policy":{"timeout":"0.12:00:00","retry":0,"retryIntervalInSeconds":30,"secureOutput":false,"secureInput":false},"userProperties":[],"typeProperties":{"notebookPath":"/Users/aftabtambolee@outlook.com/transportation_gold"},"linkedServiceName":{"referenceName":"[parameters('BizWorkSpaceConnection')]","type":"LinkedServiceReference"}},{"name":"Wait 5 seconds - 2","type":"Wait","dependsOn":[{"activity":"Applying transformation and storing in Sliver layer","dependencyConditions":["Succeeded"]}],"userProperties":[],"typeProperties":{"waitTimeInSeconds":5}}],"policy":{"elapsedTimeMetric":{}},"annotations":[],"lastPublishTime":"2025-04-05T03:48:01Z"},"dependsOn":["[concat(variables('factoryId'), '/datasets/DeliveryRawCSV')]","[concat(variables('factoryId'), '/datasets/DeliveryRawParquet')]","[concat(variables('factoryId'), '/datasets/DriverRawCSV')]","[concat(variables('factoryId'), '/datasets/DriverRawParquet')]","[concat(variables('factoryId'), '/datasets/RouteRawCSV')]","[concat(variables('factoryId'), '/datasets/RouteRawParquet')]","[concat(variables('factoryId'), '/datasets/VehicleRawCSV')]","[concat(variables('factoryId'), '/datasets/VehicleRawParquet')]","[concat(variables('factoryId'), '/dataflows/Silver_Cleaning_Tranformation')]"]},{"name":"[concat(parameters('factoryName'), '/DeliveryRawCSV')]","type":"Microsoft.DataFactory/factories/datasets","apiVersion":"2018-06-01","properties":{"linkedServiceName":{"referenceName":"[parameters('BizBlobStoreConnection')]","type":"LinkedServiceReference"},"annotations":[],"type":"DelimitedText","typeProperties":{"location":{"type":"AzureBlobStorageLocation","fileName":"delivery_data.csv","container":"raw"},"columnDelimiter":",","escapeChar":"\\","firstRowAsHeader":true,"quoteChar":"\""},"schema":[{"name":"delivery_id","type":"String"},{"name":"vehicle_id","type":"String"},{"name":"route_id","type":"String"},{"name":"driver_id","type":"String"},{"name":"delivery_date","type":"String"},{"name":"delivery_time","type":"String"},{"name":"distance_covered","type":"String"},{"name":"delivery_status","type":"String"}]},"dependsOn":[]},{"name":"[concat(parameters('factoryName'), '/DeliveryRawParquet')]","type":"Microsoft.DataFactory/factories/datasets","apiVersion":"2018-06-01","properties":{"linkedServiceName":{"referenceName":"[parameters('BizLakeGenConnection')]","type":"LinkedServiceReference"},"annotations":[],"type":"Parquet","typeProperties":{"location":{"type":"AzureBlobFSLocation","folderPath":"Delivery","fileSystem":"bronze"},"compressionCodec":"snappy"},"schema":[]},"dependsOn":[]},{"name":"[concat(parameters('factoryName'), '/DriverRawCSV')]","type":"Microsoft.DataFactory/factories/datasets","apiVersion":"2018-06-01","properties":{"linkedServiceName":{"referenceName":"[parameters('BizBlobStoreConnection')]","type":"LinkedServiceReference"},"annotations":[],"type":"DelimitedText","typeProperties":{"location":{"type":"AzureBlobStorageLocation","fileName":"driver_data.csv","container":"raw"},"columnDelimiter":",","escapeChar":"\\","firstRowAsHeader":true,"quoteChar":"\""},"schema":[{"name":"driver_id","type":"String"},{"name":"driver_name","type":"String"},{"name":"experience_years","type":"String"},{"name":"rating","type":"String"}]},"dependsOn":[]},{"name":"[concat(parameters('factoryName'), '/DriverRawParquet')]","type":"Microsoft.DataFactory/factories/datasets","apiVersion":"2018-06-01","properties":{"linkedServiceName":{"referenceName":"[parameters('BizLakeGenConnection')]","type":"LinkedServiceReference"},"annotations":[],"type":"Parquet","typeProperties":{"location":{"type":"AzureBlobFSLocation","folderPath":"Driver","fileSystem":"bronze"},"compressionCodec":"snappy"},"schema":[]},"dependsOn":[]},{"name":"[concat(parameters('factoryName'), '/RouteRawCSV')]","type":"Microsoft.DataFactory/factories/datasets","apiVersion":"2018-06-01","properties":{"linkedServiceName":{"referenceName":"[parameters('BizBlobStoreConnection')]","type":"LinkedServiceReference"},"annotations":[],"type":"DelimitedText","typeProperties":{"location":{"type":"AzureBlobStorageLocation","fileName":"route_data.csv","container":"raw"},"columnDelimiter":",","escapeChar":"\\","firstRowAsHeader":true,"quoteChar":"\""},"schema":[{"name":"route_id","type":"String"},{"name":"start_location","type":"String"},{"name":"end_location","type":"String"},{"name":"distance","type":"String"}]},"dependsOn":[]},{"name":"[concat(parameters('factoryName'), '/RouteRawParquet')]","type":"Microsoft.DataFactory/factories/datasets","apiVersion":"2018-06-01","properties":{"linkedServiceName":{"referenceName":"[parameters('BizLakeGenConnection')]","type":"LinkedServiceReference"},"annotations":[],"type":"Parquet","typeProperties":{"location":{"type":"AzureBlobFSLocation","folderPath":"Route","fileSystem":"bronze"},"compressionCodec":"snappy"},"schema":[]},"dependsOn":[]},{"name":"[concat(parameters('factoryName'), '/VehicleRawCSV')]","type":"Microsoft.DataFactory/factories/datasets","apiVersion":"2018-06-01","properties":{"linkedServiceName":{"referenceName":"[parameters('BizBlobStoreConnection')]","type":"LinkedServiceReference"},"annotations":[],"type":"DelimitedText","typeProperties":{"location":{"type":"AzureBlobStorageLocation","fileName":"vehicle_data.csv","container":"raw"},"columnDelimiter":",","escapeChar":"\\","firstRowAsHeader":true,"quoteChar":"\""},"schema":[{"name":"vehicle_id","type":"String"},{"name":"vehicle_type","type":"String"},{"name":"fuel_efficiency","type":"String"},{"name":"capacity","type":"String"}]},"dependsOn":[]},{"name":"[concat(parameters('factoryName'), '/VehicleRawParquet')]","type":"Microsoft.DataFactory/factories/datasets","apiVersion":"2018-06-01","properties":{"linkedServiceName":{"referenceName":"[parameters('BizLakeGenConnection')]","type":"LinkedServiceReference"},"annotations":[],"type":"Parquet","typeProperties":{"location":{"type":"AzureBlobFSLocation","folderPath":"Vehicle","fileSystem":"bronze"},"compressionCodec":"snappy"},"schema":[]},"dependsOn":[]},{"name":"[concat(parameters('factoryName'), '/Silver_Cleaning_Tranformation')]","type":"Microsoft.DataFactory/factories/dataflows","apiVersion":"2018-06-01","properties":{"type":"MappingDataFlow","typeProperties":{"sources":[{"dataset":{"referenceName":"DeliveryParFile","type":"DatasetReference"},"name":"DeliverySource"},{"dataset":{"referenceName":"DriverParFile","type":"DatasetReference"},"name":"DriverSource"},{"dataset":{"referenceName":"RouteParFile","type":"DatasetReference"},"name":"RouteSource"},{"dataset":{"referenceName":"VehicleParFile","type":"DatasetReference"},"name":"VehicleSource"}],"sinks":[{"dataset":{"referenceName":"SilverDump","type":"DatasetReference"},"name":"SilverDumpParquet"},{"dataset":{"referenceName":"SilverTable","type":"DatasetReference"},"name":"SilverDumpMySQL"}],"transformations":[{"name":"DeliveryRemovingNull"},{"name":"DriverRemovingNull"},{"name":"RouteRemovingNull"},{"name":"VehicleRemovingNull"},{"name":"FeatureSelectionDelivery"},{"name":"FeatureSelectionDriver"},{"name":"FeatureSelectionRoute"},{"name":"FeatureSelectionVehicle"},{"name":"JoinDeliveryDriver"},{"name":"JoinDeliveryDriverRoute"},{"name":"JoinDeliveryDriverRouteVehicle"},{"name":"RemovingDuplicateColumns"},{"name":"FuelConsumptionProcessedDateRouteName"},{"name":"TypeCasting"},{"name":"SilverColumns"}],"scriptLines":["source(output(","          delivery_id as string,","          vehicle_id as string,","          route_id as string,","          driver_id as string,","          delivery_date as string,","          delivery_time as string,","          distance_covered as string,","          delivery_status as string,","          ingestion_date as string,","          source_file as string","     ),","     allowSchemaDrift: true,","     validateSchema: false,","     ignoreNoFilesFound: false,","     format: 'parquet') ~> DeliverySource","source(output(","          driver_id as string,","          driver_name as string,","          experience_years as string,","          rating as string,","          ingestion_date as string,","          source_file as string","     ),","     allowSchemaDrift: true,","     validateSchema: false,","     ignoreNoFilesFound: false,","     format: 'parquet') ~> DriverSource","source(output(","          route_id as string,","          start_location as string,","          end_location as string,","          distance as string,","          ingestion_date as string,","          source_file as string","     ),","     allowSchemaDrift: true,","     validateSchema: false,","     ignoreNoFilesFound: false,","     format: 'parquet') ~> RouteSource","source(output(","          vehicle_id as string,","          vehicle_type as string,","          fuel_efficiency as string,","          capacity as string,","          ingestion_date as string,","          source_file as string","     ),","     allowSchemaDrift: true,","     validateSchema: false,","     ignoreNoFilesFound: false,","     format: 'parquet') ~> VehicleSource","DeliverySource filter(!isNull(delivery_id) && ","!isNull(vehicle_id) && ","!isNull(route_id) && ","!isNull(driver_id) && ","!isNull(delivery_time) && ","!isNull(distance_covered) && ","!isNull(delivery_status)) ~> DeliveryRemovingNull","DriverSource filter(!isNull(driver_id) && ","!isNull(driver_name) && ","!isNull(rating)) ~> DriverRemovingNull","RouteSource filter(!isNull(route_id) && \r","!isNull(start_location) && \r","!isNull(end_location) && \r","!isNull(distance)) ~> RouteRemovingNull","VehicleSource filter(!isNull(vehicle_id) && ","!isNull(vehicle_type) && ","!isNull(fuel_efficiency)) ~> VehicleRemovingNull","DeliveryRemovingNull select(mapColumn(","          delivery_id,","          vehicle_id,","          route_id,","          driver_id,","          delivery_date,","          delivery_time,","          distance_covered,","          delivery_status","     ),","     skipDuplicateMapInputs: true,","     skipDuplicateMapOutputs: true) ~> FeatureSelectionDelivery","DriverRemovingNull select(mapColumn(","          driver_id,","          driver_name,","          experience_years,","          rating","     ),","     skipDuplicateMapInputs: true,","     skipDuplicateMapOutputs: true) ~> FeatureSelectionDriver","RouteRemovingNull select(mapColumn(","          route_id,","          start_location,","          end_location,","          distance","     ),","     skipDuplicateMapInputs: true,","     skipDuplicateMapOutputs: true) ~> FeatureSelectionRoute","VehicleRemovingNull select(mapColumn(","          vehicle_id,","          vehicle_type,","          fuel_efficiency,","          capacity","     ),","     skipDuplicateMapInputs: true,","     skipDuplicateMapOutputs: true) ~> FeatureSelectionVehicle","FeatureSelectionDelivery, FeatureSelectionDriver join(FeatureSelectionDelivery@driver_id == FeatureSelectionDriver@driver_id,","     joinType:'inner',","     matchType:'exact',","     ignoreSpaces: false,","     broadcast: 'auto')~> JoinDeliveryDriver","JoinDeliveryDriver, FeatureSelectionRoute join(FeatureSelectionDelivery@route_id == FeatureSelectionRoute@route_id,","     joinType:'inner',","     matchType:'exact',","     ignoreSpaces: false,","     broadcast: 'auto')~> JoinDeliveryDriverRoute","JoinDeliveryDriverRoute, FeatureSelectionVehicle join(FeatureSelectionDelivery@vehicle_id == FeatureSelectionVehicle@vehicle_id,","     joinType:'inner',","     matchType:'exact',","     ignoreSpaces: false,","     broadcast: 'auto')~> JoinDeliveryDriverRouteVehicle","JoinDeliveryDriverRouteVehicle select(mapColumn(","          delivery_id,","          vehicle_id = FeatureSelectionDelivery@vehicle_id,","          route_id = FeatureSelectionDelivery@route_id,","          driver_id = FeatureSelectionDelivery@driver_id,","          delivery_date,","          delivery_time,","          distance_covered,","          delivery_status,","          driver_id = FeatureSelectionDriver@driver_id,","          driver_name,","          experience_years,","          rating,","          route_id = FeatureSelectionRoute@route_id,","          start_location,","          end_location,","          distance,","          vehicle_id = FeatureSelectionVehicle@vehicle_id,","          vehicle_type,","          fuel_efficiency,","          capacity","     ),","     skipDuplicateMapInputs: true,","     skipDuplicateMapOutputs: true) ~> RemovingDuplicateColumns","RemovingDuplicateColumns derive(fuel_consumed = toFloat(distance_covered) / toFloat(fuel_efficiency),","          processed_date = currentTimestamp(),","          route_name = start_location + ' - ' + end_location) ~> FuelConsumptionProcessedDateRouteName","FuelConsumptionProcessedDateRouteName derive(delivery_id = toInteger(delivery_id),","          vehicle_id = toInteger(vehicle_id),","          delivery_time = toFloat(delivery_time),","          distance_covered = toFloat(distance_covered),","          driver_rating = toFloat(rating),","          distance = toFloat(distance),","          fuel_efficiency = toFloat(fuel_efficiency)) ~> TypeCasting","TypeCasting select(mapColumn(","          delivery_id,","          vehicle_id,","          vehicle_type,","          driver_name,","          driver_rating,","          route_name,","          delivery_time,","          distance_covered,","          delivery_status,","          distance,","          fuel_efficiency,","          fuel_consumed,","          processed_date","     ),","     skipDuplicateMapInputs: true,","     skipDuplicateMapOutputs: true) ~> SilverColumns","SilverColumns sink(allowSchemaDrift: true,","     validateSchema: false,","     format: 'parquet',","     partitionFileNames:['delivery_data_silver.parquet'],","     umask: 0022,","     preCommands: [],","     postCommands: [],","     skipDuplicateMapInputs: true,","     skipDuplicateMapOutputs: true,","     partitionBy('hash', 1)) ~> SilverDumpParquet","SilverColumns sink(allowSchemaDrift: true,","     validateSchema: false,","     input(","          delivery_id as integer,","          vehicle_id as integer,","          vehicle_type as string,","          driver_name as string,","          driver_rating as float,","          route_name as string,","          delivery_time as float,","          distance_covered as float,","          delivery_status as string,","          distance as float,","          fuel_efficiency as float,","          fuel_consumed as float,","          processed_date as timestamp","     ),","     deletable:false,","     insertable:true,","     updateable:false,","     upsertable:false,","     format: 'table',","     skipDuplicateMapInputs: true,","     skipDuplicateMapOutputs: true) ~> SilverDumpMySQL"]}},"dependsOn":["[concat(variables('factoryId'), '/datasets/DeliveryParFile')]","[concat(variables('factoryId'), '/datasets/DriverParFile')]","[concat(variables('factoryId'), '/datasets/RouteParFile')]","[concat(variables('factoryId'), '/datasets/VehicleParFile')]","[concat(variables('factoryId'), '/datasets/SilverDump')]","[concat(variables('factoryId'), '/datasets/SilverTable')]"]},{"name":"[concat(parameters('factoryName'), '/DeliveryParFile')]","type":"Microsoft.DataFactory/factories/datasets","apiVersion":"2018-06-01","properties":{"linkedServiceName":{"referenceName":"[parameters('BizLakeGenConnection')]","type":"LinkedServiceReference"},"annotations":[],"type":"Parquet","typeProperties":{"location":{"type":"AzureBlobFSLocation","fileName":"delivery_data.parquet","folderPath":"Delivery","fileSystem":"bronze"},"compressionCodec":"snappy"},"schema":[{"name":"delivery_id","type":"UTF8"},{"name":"vehicle_id","type":"UTF8"},{"name":"route_id","type":"UTF8"},{"name":"driver_id","type":"UTF8"},{"name":"delivery_date","type":"UTF8"},{"name":"delivery_time","type":"UTF8"},{"name":"distance_covered","type":"UTF8"},{"name":"delivery_status","type":"UTF8"},{"name":"ingestion_date","type":"UTF8"},{"name":"source_file","type":"UTF8"}]},"dependsOn":[]},{"name":"[concat(parameters('factoryName'), '/DriverParFile')]","type":"Microsoft.DataFactory/factories/datasets","apiVersion":"2018-06-01","properties":{"linkedServiceName":{"referenceName":"[parameters('BizLakeGenConnection')]","type":"LinkedServiceReference"},"annotations":[],"type":"Parquet","typeProperties":{"location":{"type":"AzureBlobFSLocation","fileName":"driver_data.parquet","folderPath":"Driver","fileSystem":"bronze"},"compressionCodec":"snappy"},"schema":[{"name":"driver_id","type":"UTF8"},{"name":"driver_name","type":"UTF8"},{"name":"experience_years","type":"UTF8"},{"name":"rating","type":"UTF8"},{"name":"ingestion_date","type":"UTF8"},{"name":"source_file","type":"UTF8"}]},"dependsOn":[]},{"name":"[concat(parameters('factoryName'), '/RouteParFile')]","type":"Microsoft.DataFactory/factories/datasets","apiVersion":"2018-06-01","properties":{"linkedServiceName":{"referenceName":"[parameters('BizLakeGenConnection')]","type":"LinkedServiceReference"},"annotations":[],"type":"Parquet","typeProperties":{"location":{"type":"AzureBlobFSLocation","fileName":"route_data.parquet","folderPath":"Route","fileSystem":"bronze"},"compressionCodec":"snappy"},"schema":[{"name":"route_id","type":"UTF8"},{"name":"start_location","type":"UTF8"},{"name":"end_location","type":"UTF8"},{"name":"distance","type":"UTF8"},{"name":"ingestion_date","type":"UTF8"},{"name":"source_file","type":"UTF8"}]},"dependsOn":[]},{"name":"[concat(parameters('factoryName'), '/VehicleParFile')]","type":"Microsoft.DataFactory/factories/datasets","apiVersion":"2018-06-01","properties":{"linkedServiceName":{"referenceName":"[parameters('BizLakeGenConnection')]","type":"LinkedServiceReference"},"annotations":[],"type":"Parquet","typeProperties":{"location":{"type":"AzureBlobFSLocation","fileName":"vehicle_data.parquet","folderPath":"Vehicle","fileSystem":"bronze"},"compressionCodec":"snappy"},"schema":[{"name":"vehicle_id","type":"UTF8"},{"name":"vehicle_type","type":"UTF8"},{"name":"fuel_efficiency","type":"UTF8"},{"name":"capacity","type":"UTF8"},{"name":"ingestion_date","type":"UTF8"},{"name":"source_file","type":"UTF8"}]},"dependsOn":[]},{"name":"[concat(parameters('factoryName'), '/SilverDump')]","type":"Microsoft.DataFactory/factories/datasets","apiVersion":"2018-06-01","properties":{"linkedServiceName":{"referenceName":"[parameters('BizLakeGenConnection')]","type":"LinkedServiceReference"},"annotations":[],"type":"Parquet","typeProperties":{"location":{"type":"AzureBlobFSLocation","fileSystem":"silver"},"compressionCodec":"snappy"},"schema":[]},"dependsOn":[]},{"name":"[concat(parameters('factoryName'), '/SilverTable')]","type":"Microsoft.DataFactory/factories/datasets","apiVersion":"2018-06-01","properties":{"linkedServiceName":{"referenceName":"[parameters('BizServerConnection')]","type":"LinkedServiceReference"},"annotations":[],"type":"AzureMySqlTable","schema":[{"name":"delivery_id","type":"int","precision":0,"scale":0},{"name":"vehicle_id","type":"int","precision":0,"scale":0},{"name":"vehicle_type","type":"varchar","precision":0,"scale":0},{"name":"driver_name","type":"varchar","precision":0,"scale":0},{"name":"driver_rating","type":"float","precision":0,"scale":31},{"name":"route_name","type":"varchar","precision":0,"scale":0},{"name":"delivery_time","type":"float","precision":0,"scale":31},{"name":"distance_covered","type":"float","precision":0,"scale":31},{"name":"delivery_status","type":"varchar","precision":0,"scale":0},{"name":"distance","type":"float","precision":0,"scale":31},{"name":"fuel_efficiency","type":"float","precision":0,"scale":31},{"name":"fuel_consumed","type":"float","precision":0,"scale":31},{"name":"processed_date","type":"timestamp","precision":0,"scale":0}],"typeProperties":{"tableName":"delivery_data_silver"}},"dependsOn":[]}]}