{
    "name": "DriverParFile",
    "properties": {
        "linkedServiceName": {
            "referenceName": "BizLakeGenConnection",
            "type": "LinkedServiceReference"
        },
        "annotations": [],
        "type": "Parquet",
        "typeProperties": {
            "location": {
                "type": "AzureBlobFSLocation",
                "fileName": "driver_data.parquet",
                "folderPath": "Driver",
                "fileSystem": "bronze"
            },
            "compressionCodec": "snappy"
        },
        "schema": [
            {
                "name": "driver_id",
                "type": "UTF8"
            },
            {
                "name": "driver_name",
                "type": "UTF8"
            },
            {
                "name": "experience_years",
                "type": "UTF8"
            },
            {
                "name": "rating",
                "type": "UTF8"
            },
            {
                "name": "ingestion_date",
                "type": "UTF8"
            },
            {
                "name": "source_file",
                "type": "UTF8"
            }
        ]
    },
    "type": "Microsoft.DataFactory/factories/datasets"
}