{
    "name": "VehicleRawCSV",
    "properties": {
        "linkedServiceName": {
            "referenceName": "BizBlobStoreConnection",
            "type": "LinkedServiceReference"
        },
        "annotations": [],
        "type": "DelimitedText",
        "typeProperties": {
            "location": {
                "type": "AzureBlobStorageLocation",
                "fileName": "vehicle_data.csv",
                "container": "raw"
            },
            "columnDelimiter": ",",
            "escapeChar": "\\",
            "firstRowAsHeader": true,
            "quoteChar": "\""
        },
        "schema": [
            {
                "name": "vehicle_id",
                "type": "String"
            },
            {
                "name": "vehicle_type",
                "type": "String"
            },
            {
                "name": "fuel_efficiency",
                "type": "String"
            },
            {
                "name": "capacity",
                "type": "String"
            }
        ]
    },
    "type": "Microsoft.DataFactory/factories/datasets"
}