{
    "now": "2025-04-05T11:41:29.436Z",
    "perfNow": 1435345.600000009,
    "diagnosticCorrelation": "5e45e549-5eea-4d25-9f09-ab3800dab437",
    "source": "DownloadSupportFiles",
    "environment": {
        "productName": "adf",
        "buildVersion": "1.0.040125.0",
        "environmentType": 3,
        "resourceName": "bizdatafactory",
        "resourceRegion": "southeastasia",
        "resourceGroup": "BizRG",
        "subscriptionId": "f939db4f-5842-4c48-945a-0b3358614845",
        "sessionId": "Bi7xNlrx0ar0TP5VydM+Se",
        "operationId": "",
        "gitType": "live",
        "loggingKey": "af6d5cdf-55c4-4db0-b2d8-4f818c49eed1"
    },
    "additionalInfo": {
        "selectedResource": "DriverRawParquet",
        "selectedResourceType": "dataset"
    }
}